1###Frutas, produtos de frutas e similares###A###Morangos frescos e similares, 'in natura', inteiras, selecionadas ou não###Salmonella sp###/25g###Ausência/25g
1###Frutas, produtos de frutas e similares###A###Morangos frescos e similares, 'in natura', inteiras, selecionadas ou não###Coliformes Termotolerantes ###UFC/g###2x103 UFC/g
1###Frutas, produtos de frutas e similares###B###Frescas, 'in natura', preparadas (descascadas ou selecionadas ou fracionadas) sanificadas, refrigeradas ou congeladas, para consumo direto###Salmonella sp###/25g###Ausência/25g
1###Frutas, produtos de frutas e similares###B###Frescas, 'in natura', preparadas (descascadas ou selecionadas ou fracionadas) sanificadas, refrigeradas ou congeladas, para consumo direto###Coliformes Termotolerantes ###UFC/g###5x102 UFC/g
1###Frutas, produtos de frutas e similares###C###Branqueadas ou cozidas, inteiras ou picadas, estáveis a temperatura ambiente, refrigeradas ou congeladas, consumidas diretamente; passas, com ou sem adição de açúcar ou mel; desidratadas, secas(excluídas as passas liofilizadas, com ou sem adição de açúcar ou mel, incluindo as cristalizadas ou glaceadas e similares polpa de frutas concentradas ou não, com ou sem tratamento térmico, refrigeradas ou congeladas###Salmonella sp###/25g###Ausência/25g
1###Frutas, produtos de frutas e similares###C###Branqueadas ou cozidas, inteiras ou picadas, estáveis a temperatura ambiente, refrigeradas ou congeladas, consumidas diretamente; passas, com ou sem adição de açúcar ou mel; desidratadas, secas(excluídas as passas liofilizadas, com ou sem adição de açúcar ou mel, incluindo as cristalizadas ou glaceadas e similares polpa de frutas concentradas ou não, com ou sem tratamento térmico, refrigeradas ou congeladas###Coliformes Termotolerantes ###UFC/g###102 UFC/g
1###Frutas, produtos de frutas e similares###D###Nozes, amêndoas, amendoim e similares, cruas, inteiras ou descascadas###Salmonella sp###/25g###Ausência/25g
1###Frutas, produtos de frutas e similares###D###Nozes, amêndoas, amendoim e similares, cruas, inteiras ou descascadas###Coliformes Termotolerantes ###UFC/g###103 UFC/g
1###Frutas, produtos de frutas e similares###E###Purês e doces em pasta ou massa e similares, incluindo geleias, não comercialmente estéreis; doces em calda, não comercialmente estéreis (a granel)###Bolores e Leveduras###UFC/g###104 UFC/g
2###Hortaliças, legumes e similares, incluindo cogumelos (fungos comestíveis)###A###Frescas, 'in natura', inteiras, selecionadas ou não, com exceção de cogumelos.###Salmonella sp###/25g###Ausência/25g
2###Hortaliças, legumes e similares, incluindo cogumelos (fungos comestíveis)###B###Frescas, 'in natura', preparadas (descascadas ou selecionadas ou fracionadas) sanificadas, refrigeradas ou congeladas, para consumo direto, com exceção de cogumelos###Salmonella sp###/25g###Ausência/25g
2###Hortaliças, legumes e similares, incluindo cogumelos (fungos comestíveis)###B###Frescas, 'in natura', preparadas (descascadas ou selecionadas ou fracionadas) sanificadas, refrigeradas ou congeladas, para consumo direto, com exceção de cogumelos###Coliformes Termotolerantes ###UFC/g###102 UFC/g
2###Hortaliças, legumes e similares, incluindo cogumelos (fungos comestíveis)###C###Cogumelos (fungos comestíveis) 'in natura'###Salmonella sp###/25g###Ausência/25g
2###Hortaliças, legumes e similares, incluindo cogumelos (fungos comestíveis)###C###Cogumelos (fungos comestíveis) 'in natura'###Coliformes Termotolerantes ###UFC/g###2x103 UFC/g
2###Hortaliças, legumes e similares, incluindo cogumelos (fungos comestíveis)###D###Branqueadas ou cozidas, inteiras ou picadas, estáveis a temperatura, refrigeradas ou congeladas ambiente, consumidas diretamente, incluindo cogumelos; polpas ou purês, refrigerados ou congelados###Salmonella sp###/25g###Ausência/25g
2###Hortaliças, legumes e similares, incluindo cogumelos (fungos comestíveis)###D###Branqueadas ou cozidas, inteiras ou picadas, estáveis a temperatura, refrigeradas ou congeladas ambiente, consumidas diretamente, incluindo cogumelos; polpas ou purês, refrigerados ou congelados###Coliformes Termotolerantes ###UFC/g###102 UFC/g
2###Hortaliças, legumes e similares, incluindo cogumelos (fungos comestíveis)###D###Branqueadas ou cozidas, inteiras ou picadas, estáveis a temperatura, refrigeradas ou congeladas ambiente, consumidas diretamente, incluindo cogumelos; polpas ou purês, refrigerados ou congelados###Estafilococos coagulase positiva###UFC/g###103 UFC/g
2###Hortaliças, legumes e similares, incluindo cogumelos (fungos comestíveis)###E###Branqueadas ou cozidas, inteiras ou picadas, consumidas diretamente, incluindo cogumelos###Salmonella sp###/25g###Ausência/25g
2###Hortaliças, legumes e similares, incluindo cogumelos (fungos comestíveis)###E###Branqueadas ou cozidas, inteiras ou picadas, consumidas diretamente, incluindo cogumelos###Coliformes Termotolerantes ###UFC/g###102 UFC/g
2###Hortaliças, legumes e similares, incluindo cogumelos (fungos comestíveis)###E###Branqueadas ou cozidas, inteiras ou picadas, consumidas diretamente, incluindo cogumelos###Estafilococos coagulase positiva###UFC/g###103 UFC/g
2###Hortaliças, legumes e similares, incluindo cogumelos (fungos comestíveis)###F###Secas, desidratadas ou liofilizadas, incluindo cogumelos###Salmonella sp###/25g###Ausência/25g
2###Hortaliças, legumes e similares, incluindo cogumelos (fungos comestíveis)###F###Secas, desidratadas ou liofilizadas, incluindo cogumelos###Coliformes Termotolerantes ###UFC/g###103 UFC/g
2###Hortaliças, legumes e similares, incluindo cogumelos (fungos comestíveis)###F###Secas, desidratadas ou liofilizadas, incluindo cogumelos###Estafilococos coagulase positiva###UFC/g###102 UFC/g
3###Raízes, tubérculos e similares###A###Frescas, 'in natura', preparadas (descascadas ou selecionadas ou fracionadas) sanificadas, refrigeradas ou congeladas, para consumo direto###Salmonella sp###/25g###Ausência/25g
3###Raízes, tubérculos e similares###A###Frescas, 'in natura', preparadas (descascadas ou selecionadas ou fracionadas) sanificadas, refrigeradas ou congeladas, para consumo direto###Coliformes Termotolerantes ###UFC/g###103 UFC/g
3###Raízes, tubérculos e similares###B###Branqueadas ou cozidas, inteiras ou picadas, estáveis a temperatura ambiente, refrigeradas ou congeladas, para consumo direto###Salmonella sp###/25g###Ausência/25g
3###Raízes, tubérculos e similares###B###Branqueadas ou cozidas, inteiras ou picadas, estáveis a temperatura ambiente, refrigeradas ou congeladas, para consumo direto###Bacillus cereus###UFC/g###5x103 UFC/g
3###Raízes, tubérculos e similares###B###Branqueadas ou cozidas, inteiras ou picadas, estáveis a temperatura ambiente, refrigeradas ou congeladas, para consumo direto###Coliformes Termotolerantes ###UFC/g###102 UFC/g
3###Raízes, tubérculos e similares###B###Branqueadas ou cozidas, inteiras ou picadas, estáveis a temperatura ambiente, refrigeradas ou congeladas, para consumo direto###Estafilococos coagulase positiva###UFC/g###103 UFC/g
3###Raízes, tubérculos e similares###C###Secas, desidratadas ou liofilizadas###Salmonella sp###/25g###Ausência/25g
3###Raízes, tubérculos e similares###C###Secas, desidratadas ou liofilizadas###Bacillus cereus###UFC/g###103 UFC/g
3###Raízes, tubérculos e similares###C###Secas, desidratadas ou liofilizadas###Coliformes Termotolerantes ###UFC/g###103 UFC/g
3###Raízes, tubérculos e similares###D###Polpa ou purês, refrigeradas ou congeladas###Salmonella sp###/25g###Ausência/25g
3###Raízes, tubérculos e similares###D###Polpa ou purês, refrigeradas ou congeladas###Bacillus cereus###UFC/g###5x103 UFC/g
3###Raízes, tubérculos e similares###D###Polpa ou purês, refrigeradas ou congeladas###Coliformes Termotolerantes ###UFC/g###102 UFC/g
4###Outros produtos vegetais###A###Semi conservas de vegetais em embalagens herméticas, que necessitam refrigeração (azeitonas, fundo de alcachofra, fungos comestíveis e similares)###Salmonella sp###/25g###Ausência/25g
4###Outros produtos vegetais###A###Semi conservas de vegetais em embalagens herméticas, que necessitam refrigeração (azeitonas, fundo de alcachofra, fungos comestíveis e similares)###Coliformes Termotolerantes ###UFC/g###102 UFC/g
4###Outros produtos vegetais###B###Vegetais em salmoura, temperados ou não, condimentados ou não, não comercialmente estéreis (tremoço, azeitona recheada, fundos de alcachofra e similares estáveis à  temperatura ambiente, a granel ou em embalagem plastificada flexível (sacos plásticos)###Salmonella sp###/25g###Ausência/25g
4###Outros produtos vegetais###B###Vegetais em salmoura, temperados ou não, condimentados ou não, não comercialmente estéreis (tremoço, azeitona recheada, fundos de alcachofra e similares estáveis à  temperatura ambiente, a granel ou em embalagem plastificada flexível (sacos plásticos)###Coliformes Termotolerantes ###UFC/g###102 UFC/g
4###Outros produtos vegetais###B###Vegetais em salmoura, temperados ou não, condimentados ou não, não comercialmente estéreis (tremoço, azeitona recheada, fundos de alcachofra e similares estáveis à  temperatura ambiente, a granel ou em embalagem plastificada flexível (sacos plásticos)###Estafilococos coagulase positiva###UFC/g###5x102 UFC/g
4###Outros produtos vegetais###C###Pasta de amendoim, de nozes, castanhas e similares, com adições (temperos, açúcar, etc.) ou não; outras conservas de vegetais, em óleo, salmoura ou outros líquidos, não comercialmente estéreis, estáveis à  temperatura ambiente###Salmonella sp###/25g###Ausência/25g
4###Outros produtos vegetais###C###Pasta de amendoim, de nozes, castanhas e similares, com adições (temperos, açúcar, etc.) ou não; outras conservas de vegetais, em óleo, salmoura ou outros líquidos, não comercialmente estéreis, estáveis à  temperatura ambiente###Coliformes Termotolerantes ###UFC/g###10 UFC/g
5###Carnes e produtos cárneos###A###Carnes resfriadas, ou congeladas, 'in natura', de bovinos, suínos e outros mamíferos (carcaças inteiras ou fracionadas, quartos ou cortes carnes moídas; miúdos de bovinos, suínos e outros mamíferos###Salmonella sp###/25g###Ausência/25g
5###Carnes e produtos cárneos###B###Carnes resfriadas, ou congeladas, 'in natura', de aves (carcaças inteiras, fracionadas ou cortes)###Coliformes Termotolerantes ###UFC/g###104 UFC/g
5###Carnes e produtos cárneos###C###Miúdos de aves###Coliformes Termotolerantes ###UFC/g###105 UFC/g
5###Carnes e produtos cárneos###D###Carnes cruas preparadas de aves, refrigeradas ou congeladas, temperadas###Coliformes Termotolerantes ###UFC/g###104 UFC/g
5###Carnes e produtos cárneos###E###Carnes cruas preparadas, bovinas, suínas e de outros mamíferos, refrigeradas ou congeladas, temperadas###Salmonella sp###/25g###Ausência/25g
5###Carnes e produtos cárneos###E###Carnes cruas preparadas, bovinas, suínas e de outros mamíferos, refrigeradas ou congeladas, temperadas###Coliformes Termotolerantes ###UFC/g###104 UFC/g
5###Carnes e produtos cárneos###F###Produtos cárneos crus, refrigerados ou congelados (hamburgueres, almà´ndegas, quibe e similares produtos a base de sangue e derivados 'in natura'; embutidos frescais (lingà¼iças cruas e similares)###Salmonella sp###/25g###Ausência/25g
5###Carnes e produtos cárneos###F###Produtos cárneos crus, refrigerados ou congelados (hamburgueres, almà´ndegas, quibe e similares produtos a base de sangue e derivados 'in natura'; embutidos frescais (lingà¼iças cruas e similares)###Coliformes Termotolerantes ###UFC/g###5x103 UFC/g
5###Carnes e produtos cárneos###F###Produtos cárneos crus, refrigerados ou congelados (hamburgueres, almà´ndegas, quibe e similares produtos a base de sangue e derivados 'in natura'; embutidos frescais (lingà¼iças cruas e similares)###Estafilococos coagulase positiva###UFC/g###5x103 UFC/g
5###Carnes e produtos cárneos###F###Produtos cárneos crus, refrigerados ou congelados (hamburgueres, almà´ndegas, quibe e similares produtos a base de sangue e derivados 'in natura'; embutidos frescais (lingà¼iças cruas e similares)###Clostridio Sulfito Redutor a 46oC###UFC/g###3x103 UFC/g
5###Carnes e produtos cárneos###G###Carnes embaladas a vácuo, maturadas###Salmonella sp###/25g###Ausência/25g
5###Carnes e produtos cárneos###G###Carnes embaladas a vácuo, maturadas###Coliformes Termotolerantes ###UFC/g###5x103 UFC/g
5###Carnes e produtos cárneos###G###Carnes embaladas a vácuo, maturadas###Estafilococos coagulase positiva###UFC/g###3x103 UFC/g
5###Carnes e produtos cárneos###H###Carnes embaladas a vácuo, não maturadas###Salmonella sp###/25g###Ausência/25g
5###Carnes e produtos cárneos###H###Carnes embaladas a vácuo, não maturadas###Coliformes Termotolerantes ###UFC/g###104 UFC/g
5###Carnes e produtos cárneos###H###Carnes embaladas a vácuo, não maturadas###Estafilococos coagulase positiva###UFC/g###3x103 UFC/g
5###Carnes e produtos cárneos###I###Produtos cárneos cozidos ou não, embutidos ou não (mortadela, salsicha, presunto, fiambre, morcela e outros produtos a base de sangue e derivados, processados###Salmonella sp###/25g###Ausência/25g
5###Carnes e produtos cárneos###I###Produtos cárneos cozidos ou não, embutidos ou não (mortadela, salsicha, presunto, fiambre, morcela e outros produtos a base de sangue e derivados, processados###Coliformes Termotolerantes ###UFC/g###103 UFC/g
5###Carnes e produtos cárneos###I###Produtos cárneos cozidos ou não, embutidos ou não (mortadela, salsicha, presunto, fiambre, morcela e outros produtos a base de sangue e derivados, processados###Estafilococos coagulase positiva###UFC/g###3x103 UFC/g
5###Carnes e produtos cárneos###I###Produtos cárneos cozidos ou não, embutidos ou não (mortadela, salsicha, presunto, fiambre, morcela e outros produtos a base de sangue e derivados, processados###Clostridio Sulfito Redutor a 46oC###UFC/g###5x102 UFC/g
5###Carnes e produtos cárneos###J###Produtos cárneos cozidos ou não, maturados ou não, fracionados ou fatiados, mantidos sob refrigeração###Salmonella sp###/25g###Ausência/25g
5###Carnes e produtos cárneos###J###Produtos cárneos cozidos ou não, maturados ou não, fracionados ou fatiados, mantidos sob refrigeração###Coliformes Termotolerantes ###UFC/g###105 UFC/g
5###Carnes e produtos cárneos###J###Produtos cárneos cozidos ou não, maturados ou não, fracionados ou fatiados, mantidos sob refrigeração###Estafilococos coagulase positiva###UFC/g###5x103 UFC/g
5###Carnes e produtos cárneos###J###Produtos cárneos cozidos ou não, maturados ou não, fracionados ou fatiados, mantidos sob refrigeração###Clostridio Sulfito Redutor a 46oC###UFC/g###5x102 UFC/g
5###Carnes e produtos cárneos###L###Produtos cárneos maturados (presuntos crus, copas, salames, lingà¼iças dessecadas, charque, 'jerked beef' e similares)###Salmonella sp###/25g###Ausência/25g
5###Carnes e produtos cárneos###L###Produtos cárneos maturados (presuntos crus, copas, salames, lingà¼iças dessecadas, charque, 'jerked beef' e similares)###Coliformes Termotolerantes ###UFC/g###103 UFC/g
5###Carnes e produtos cárneos###L###Produtos cárneos maturados (presuntos crus, copas, salames, lingà¼iças dessecadas, charque, 'jerked beef' e similares)###Estafilococos coagulase positiva###UFC/g###5x103 UFC/g
5###Carnes e produtos cárneos###M###Semi conservas em embalagens herméticas mantidas sob refrigeração (patês, galantines e similares)###Salmonella sp###/25g###Ausência/25g
5###Carnes e produtos cárneos###M###Semi conservas em embalagens herméticas mantidas sob refrigeração (patês, galantines e similares)###Coliformes Termotolerantes ###UFC/g###103 UFC/g
5###Carnes e produtos cárneos###M###Semi conservas em embalagens herméticas mantidas sob refrigeração (patês, galantines e similares)###Estafilococos coagulase positiva###UFC/g###5x102 UFC/g
5###Carnes e produtos cárneos###M###Semi conservas em embalagens herméticas mantidas sob refrigeração (patês, galantines e similares)###Clostridio Sulfito Redutor a 46oC###UFC/g###5x102 UFC/g
5###Carnes e produtos cárneos###N###Produtos cárneos salgados (lombo, pés, rabo, orelhas e similares, carne seca e similares)###Salmonella sp###/25g###Ausência/25g
5###Carnes e produtos cárneos###N###Produtos cárneos salgados (lombo, pés, rabo, orelhas e similares, carne seca e similares)###Estafilococos coagulase positiva###UFC/g###103 UFC/g
5###Carnes e produtos cárneos###O###Gorduras e produtos gordurosos de origem animal (toucinho, banha, peles, bacon e similares)###Salmonella sp###/25g###Ausência/25g
5###Carnes e produtos cárneos###O###Gorduras e produtos gordurosos de origem animal (toucinho, banha, peles, bacon e similares)###Estafilococos coagulase positiva###UFC/g###3x103 UFC/g
5###Carnes e produtos cárneos###P###Gordura animal hidrogenada e parcialmente hidrogenada, exceção de manteiga###Salmonella sp###/25g###Ausência/25g
5###Carnes e produtos cárneos###P###Gordura animal hidrogenada e parcialmente hidrogenada, exceção de manteiga###Coliformes Termotolerantes ###UFC/g###102 UFC/g
6###Ovos e derivados###A###Ovo íntegro cru###Salmonella sp###/25g###Ausência/25g
6###Ovos e derivados###B###Gema, clara ou suas misturas, pasteurizadas, resfriadas ou congeladas, com ou sem açúcar, sal e outros aditivos###Salmonella sp###/25mL###Ausência/25mL
6###Ovos e derivados###B###Gema, clara ou suas misturas, pasteurizadas, resfriadas ou congeladas, com ou sem açúcar, sal e outros aditivos###Coliformes Termotolerantes ###UFC/mL###01 UFC/mL
6###Ovos e derivados###B###Gema, clara ou suas misturas, pasteurizadas, resfriadas ou congeladas, com ou sem açúcar, sal e outros aditivos###Estafilococos coagulase positiva###UFC/mL###5x10 UFC/mL
6###Ovos e derivados###C###Gema, clara ou suas misturas em pó(desidratados, liofilizados com ou sem açúcar, sal e outros ingredientes ou aditivos###Salmonella sp###/25g###Ausência/25g
6###Ovos e derivados###C###Gema, clara ou suas misturas em pó(desidratados, liofilizados com ou sem açúcar, sal e outros ingredientes ou aditivos###Coliformes Termotolerantes ###UFC/g###10 UFC/g
6###Ovos e derivados###C###Gema, clara ou suas misturas em pó(desidratados, liofilizados com ou sem açúcar, sal e outros ingredientes ou aditivos###Estafilococos coagulase positiva###UFC/g###5x102 UFC/g
6###Ovos e derivados###D###Semi conservas em embalagens herméticas mantidas sob refrigeração (ovos cozidos conservados em salmoura ou outros líquidos)###Salmonella sp###/25g###Ausência/25g
6###Ovos e derivados###D###Semi conservas em embalagens herméticas mantidas sob refrigeração (ovos cozidos conservados em salmoura ou outros líquidos)###Coliformes Termotolerantes ###UFC/g###10 UFC/g
6###Ovos e derivados###D###Semi conservas em embalagens herméticas mantidas sob refrigeração (ovos cozidos conservados em salmoura ou outros líquidos)###Estafilococos coagulase positiva###UFC/g###5x102 UFC/g
7###Pescados e produtos de pesca###A###Pescado, ovas de peixes, crustáceos e moluscos cefalópodes 'in natura', resfriados ou congelados não consumido cru; moluscos bivalves 'in natura', resfriados ou congelados, não consumido cru; carne de rãs 'in natura', refrigerada ou congelada###Salmonella sp###/25g###Ausência/25g
7###Pescados e produtos de pesca###A###Pescado, ovas de peixes, crustáceos e moluscos cefalópodes 'in natura', resfriados ou congelados não consumido cru; moluscos bivalves 'in natura', resfriados ou congelados, não consumido cru; carne de rãs 'in natura', refrigerada ou congelada###Estafilococos coagulase positiva###UFC/g###103 UFC/g
7###Pescados e produtos de pesca###B###Moluscos bivalves, carne de siri e similares cozidos, temperados e não, industrializados resfriados ou congelados###Salmonella sp###/25g###Ausência/25g
7###Pescados e produtos de pesca###B###Moluscos bivalves, carne de siri e similares cozidos, temperados e não, industrializados resfriados ou congelados###Coliformes Termotolerantes ###UFC/g###5x10 UFC/g
7###Pescados e produtos de pesca###B###Moluscos bivalves, carne de siri e similares cozidos, temperados e não, industrializados resfriados ou congelados###Estafilococos coagulase positiva###UFC/g###103 UFC/g
7###Pescados e produtos de pesca###C###Pescados, moluscos e crustáceos secos e ou salgados; semi conservas de pescados, moluscos e crustáceos, mantidas sob refrigeração (marinados, anchovados ou temperados)###Salmonella sp###/25g###Ausência/25g
7###Pescados e produtos de pesca###C###Pescados, moluscos e crustáceos secos e ou salgados; semi conservas de pescados, moluscos e crustáceos, mantidas sob refrigeração (marinados, anchovados ou temperados)###Coliformes Termotolerantes ###UFC/g###102 UFC/g
7###Pescados e produtos de pesca###C###Pescados, moluscos e crustáceos secos e ou salgados; semi conservas de pescados, moluscos e crustáceos, mantidas sob refrigeração (marinados, anchovados ou temperados)###Estafilococos coagulase positiva###UFC/g###5x102 UFC/g
7###Pescados e produtos de pesca###D###Pescado defumado, moluscos e crustáceos, refrigerados ou congelados; produtos derivados de pescado (surimi e similares refrigerados ou congelados###Salmonella sp###/25g###Ausência/25g
7###Pescados e produtos de pesca###D###Pescado defumado, moluscos e crustáceos, refrigerados ou congelados; produtos derivados de pescado (surimi e similares refrigerados ou congelados###Coliformes Termotolerantes ###UFC/g###102 UFC/g
7###Pescados e produtos de pesca###D###Pescado defumado, moluscos e crustáceos, refrigerados ou congelados; produtos derivados de pescado (surimi e similares refrigerados ou congelados###Estafilococos coagulase positiva###UFC/g###5x102 UFC/g
7###Pescados e produtos de pesca###E###Produtos à  base de pescado refrigerados ou congelados (hamburgueres e similares)###Salmonella sp###/25g###Ausência/25g
7###Pescados e produtos de pesca###E###Produtos à  base de pescado refrigerados ou congelados (hamburgueres e similares)###Coliformes Termotolerantes ###UFC/g###103 UFC/g
7###Pescados e produtos de pesca###E###Produtos à  base de pescado refrigerados ou congelados (hamburgueres e similares)###Estafilococos coagulase positiva###UFC/g###103 UFC/g
7###Pescados e produtos de pesca###F###Ovas de pescados processadas, refrigeradas ou congeladas###Salmonella sp###/25g###Ausência/25g
7###Pescados e produtos de pesca###F###Ovas de pescados processadas, refrigeradas ou congeladas###Coliformes Termotolerantes ###UFC/g###102 UFC/g
7###Pescados e produtos de pesca###F###Ovas de pescados processadas, refrigeradas ou congeladas###Estafilococos coagulase positiva###UFC/g###5x102 UFC/g
7###Pescados e produtos de pesca###G###Pescados pré cozidos, empanados ou não, refrigerados ou congelados###Salmonella sp###/25g###Ausência/25g
7###Pescados e produtos de pesca###G###Pescados pré cozidos, empanados ou não, refrigerados ou congelados###Coliformes Termotolerantes ###UFC/g###102 UFC/g
7###Pescados e produtos de pesca###G###Pescados pré cozidos, empanados ou não, refrigerados ou congelados###Estafilococos coagulase positiva###UFC/g###5x102 UFC/g
8###A- Leite pasteurizado e leite e produtos a base de leite UAT (UHT)###A.a###Leite pasteurizado###Salmonella sp###/25g###Ausência/25g
8###A- Leite pasteurizado e leite e produtos a base de leite UAT (UHT)###A.a###Leite pasteurizado###Coliformes Termotolerantes ###UFC/g###04 UFC/g
8###A- Leite pasteurizado e leite e produtos a base de leite UAT (UHT)###A.b###Leite UAT (UHT) e produtos a base de leite UAT/UHT (creme de leite, bebidas lácteas fermentadas e não, e similares em embalagens herméticas###Contagem Total de Bactérias Mesófilas ### UFC/mL###Após 7 dias de incubação a 35-37ºC de embalagem fechada, não deve apresentar microrganismos patogênicos e causadores de alterações físicas, químicas e organolépticas do produto, em condições normais de armazenamento.
8###B- Queijos###B.a###De baixa umidade.###Salmonella sp###/25g###Ausência/25g
8###B- Queijos###B.a###De baixa umidade.###Coliformes Termotolerantes ###UFC/g###5x102 UFC/g
8###B- Queijos###B.a###De baixa umidade.###Estafilococos coagulase positiva###UFC/g###103 UFC/g
8###B- Queijos###B.b###De média umidade: 36% (Danbo, pategrás sandwich, prato, tandil, tilsit, tybo, mussarela (mozzarella, muzzarella) curado e similares) e de queijo ralado e em pó###Salmonella sp###/25g###Ausência/25g
8###B- Queijos###B.b###De média umidade: 36% (Danbo, pategrás sandwich, prato, tandil, tilsit, tybo, mussarela (mozzarella, muzzarella) curado e similares) e de queijo ralado e em pó###Coliformes Termotolerantes ###UFC/g###103 UFC/g
8###B- Queijos###B.b###De média umidade: 36% (Danbo, pategrás sandwich, prato, tandil, tilsit, tybo, mussarela (mozzarella, muzzarella) curado e similares) e de queijo ralado e em pó###Estafilococos coagulase positiva###UFC/g###103 UFC/g
8###B- Queijos###B.b###De média umidade: 36% (Danbo, pategrás sandwich, prato, tandil, tilsit, tybo, mussarela (mozzarella, muzzarella) curado e similares) e de queijo ralado e em pó###Listeria monocytogenes###-###Ausência/25g
8###B- Queijos###B.c###Quartirolo, cremoso, criollo, mussarela (mozzarella, muzzarella) e similares: 46%###Salmonella sp###/25g###Ausência/25g
8###B- Queijos###B.c###Quartirolo, cremoso, criollo, mussarela (mozzarella, muzzarella) e similares: 46%###Coliformes Termotolerantes ###UFC/g###5x103 UFC/g
8###B- Queijos###B.c###Quartirolo, cremoso, criollo, mussarela (mozzarella, muzzarella) e similares: 46%###Estafilococos coagulase positiva###UFC/g###103 UFC/g
8###B- Queijos###B.c###Quartirolo, cremoso, criollo, mussarela (mozzarella, muzzarella) e similares: 46%###Listeria monocytogenes###-###Ausência/25g
8###B- Queijos###B.d###De alta umidade: 46% de muito alta umidade: umid 55%, com bactérias lácticas abundantes e viáveis, incluído o Minas frescal correspondente###Salmonella sp###/25g###Ausência/25g
8###B- Queijos###B.d###De alta umidade: 46% de muito alta umidade: umid 55%, com bactérias lácticas abundantes e viáveis, incluído o Minas frescal correspondente###Coliformes Termotolerantes ###UFC/g###5x103 UFC/g
8###B- Queijos###B.d###De alta umidade: 46% de muito alta umidade: umid 55%, com bactérias lácticas abundantes e viáveis, incluído o Minas frescal correspondente###Estafilococos coagulase positiva###UFC/g###103 UFC/g
8###B- Queijos###B.d###De alta umidade: 46% de muito alta umidade: umid 55%, com bactérias lácticas abundantes e viáveis, incluído o Minas frescal correspondente###Listeria monocytogenes###-###Ausência/25g
8###B- Queijos###B.f###De muito alta umidade: umid 55%, incluindo os queijos de coalho com umidade correspondente, minas frescal, mussarela (mozzarella, muzzarella) e outros, elaborados por coagulação enzimática, sem a ação de bactérias lácticas###Salmonella sp###/25g###Ausência/25g
8###B- Queijos###B.f###De muito alta umidade: umid 55%, incluindo os queijos de coalho com umidade correspondente, minas frescal, mussarela (mozzarella, muzzarella) e outros, elaborados por coagulação enzimática, sem a ação de bactérias lácticas###Coliformes Termotolerantes ###UFC/g###5x102 UFC/g
8###B- Queijos###B.f###De muito alta umidade: umid 55%, incluindo os queijos de coalho com umidade correspondente, minas frescal, mussarela (mozzarella, muzzarella) e outros, elaborados por coagulação enzimática, sem a ação de bactérias lácticas###Estafilococos coagulase positiva###UFC/g###5x102 UFC/g
8###B- Queijos###B.f###De muito alta umidade: umid 55%, incluindo os queijos de coalho com umidade correspondente, minas frescal, mussarela (mozzarella, muzzarella) e outros, elaborados por coagulação enzimática, sem a ação de bactérias lácticas###Listeria monocytogenes###-###Ausência/25g
8###B- Queijos###B.h###Ralado###Salmonella sp###/25g###Ausência/25g
8###B- Queijos###B.h###Ralado###Coliformes Termotolerantes ###UFC/g###103 UFC/g
8###B- Queijos###B.h###Ralado###Estafilococos coagulase positiva###UFC/g###103 UFC/g
8###B- Queijos###B.i###Em pó###Salmonella sp###/25g###Ausência/25g
8###B- Queijos###B.i###Em pó###Coliformes Termotolerantes ###UFC/g###10 UFC/g
8###B- Queijos###B.i###Em pó###Estafilococos coagulase positiva###UFC/g###102 UFC/g
8###B- Queijos###B.j###Processado fundido, pasteurizado ou submetido a processo UHT (UAT incluindo requeijão, aromatizado ou não, condimentados ou não, adicionados de ervas ou outros ingredientes ou não; processado fundido, ralado, fatiado, em rodelas, em fatias, para untar, aromatizado ou não, condimentado ou não, adicionado de ervas ou outros ingredientes ou não###Coliformes Termotolerantes ###UFC/g###10 UFC/g
8###B- Queijos###B.j###Processado fundido, pasteurizado ou submetido a processo UHT (UAT incluindo requeijão, aromatizado ou não, condimentados ou não, adicionados de ervas ou outros ingredientes ou não; processado fundido, ralado, fatiado, em rodelas, em fatias, para untar, aromatizado ou não, condimentado ou não, adicionado de ervas ou outros ingredientes ou não###Estafilococos coagulase positiva###UFC/g###103 UFC/g
8###B- Queijos###B.m###Queijos de baixa ou média umidade, temperados, condimentados ou adicionado de ervas ou outros ingredientes###Salmonella sp###UFC/25g###Ausência/25g
8###B- Queijos###B.m###Queijos de baixa ou média umidade, temperados, condimentados ou adicionado de ervas ou outros ingredientes###Coliformes Termotolerantes ###UFC/g###5x102 UFC/g
8###B- Queijos###B.m###Queijos de baixa ou média umidade, temperados, condimentados ou adicionado de ervas ou outros ingredientes###Estafilococos coagulase positiva###UFC/g###103 UFC/g
8###B- Queijos###B.n###Queijos de muito alta umidade, temperados, condimentados ou adicionado de ervas ou outros ingredientes###Salmonella sp###/25g###Ausência/25g
8###B- Queijos###B.n###Queijos de muito alta umidade, temperados, condimentados ou adicionado de ervas ou outros ingredientes###Coliformes Termotolerantes ###UFC/g###102 UFC/g
8###B- Queijos###B.n###Queijos de muito alta umidade, temperados, condimentados ou adicionado de ervas ou outros ingredientes###Estafilococos coagulase positiva###UFC/g###103 UFC/g
8###C- Manteiga, creme de leite e similares###C.a###Manteiga; Gordura láctea (gordura anidra de leite ou butter-oil creme de leite pasteurizado###Salmonella sp###/25g###Ausência/25g
8###C- Manteiga, creme de leite e similares###C.a###Manteiga; Gordura láctea (gordura anidra de leite ou butter-oil creme de leite pasteurizado###Coliformes Termotolerantes ###UFC/g###10 UFC/g
8###C- Manteiga, creme de leite e similares###C.a###Manteiga; Gordura láctea (gordura anidra de leite ou butter-oil creme de leite pasteurizado###Estafilococos coagulase positiva###UFC/g###102 UFC/g
8###D- Leite em pó###D.a###Leite em pó, instantâneo e não, exceção dos destinados à  alimentação infantil e formulações farmacêuticas###Salmonella sp###/25g###Ausência/25g
8###D- Leite em pó###D.a###Leite em pó, instantâneo e não, exceção dos destinados à  alimentação infantil e formulações farmacêuticas###Bacillus cereus###UFC/g###5x103 UFC/g
8###D- Leite em pó###D.a###Leite em pó, instantâneo e não, exceção dos destinados à  alimentação infantil e formulações farmacêuticas###Coliformes Termotolerantes ###UFC/g###10 UFC/g
8###D- Leite em pó###D.a###Leite em pó, instantâneo e não, exceção dos destinados à  alimentação infantil e formulações farmacêuticas###Estafilococos coagulase positiva###UFC/g###102 UFC/g
8###E- Doce de leite###E.a###Doce de leite, com ou sem adições, exceto os acondicionados em embalagem hermética ou a granel###Salmonella sp###/25g###Ausência/25g
8###E- Doce de leite###E.a###Doce de leite, com ou sem adições, exceto os acondicionados em embalagem hermética ou a granel###Coliformes Termotolerantes ###UFC/g###5x10 UFC/g
8###E- Doce de leite###E.a###Doce de leite, com ou sem adições, exceto os acondicionados em embalagem hermética ou a granel###Estafilococos coagulase positiva###UFC/g###102 UFC/g
8###F- Leite fermentado###F.a###Leite fermentado, com ou sem adições, refrigerado, e com bactérias lácticas viáveis nos números mínimos.###Coliformes Termotolerantes ###UFC/g###10 UFC/g
8###F- Leite fermentado###F.b###Bebida láctea fermentada, refrigerada, com ou sem adições###Salmonella sp###/25mL###Ausência/25mL
8###F- Leite fermentado###F.b###Bebida láctea fermentada, refrigerada, com ou sem adições###Coliformes Termotolerantes ###UFC/mL###10 UFC/mL
8###G- Outros produtos lácteos###G.a###Pasta ou molho de base láctea pasteurizada, refrigerada, com ou sem adições, temperadas ou não, excluindo os queijos###Salmonella sp###/25g###Ausência/25g
8###G- Outros produtos lácteos###G.a###Pasta ou molho de base láctea pasteurizada, refrigerada, com ou sem adições, temperadas ou não, excluindo os queijos###Bacillus cereus###UFC/g###5x102 UFC/g
8###G- Outros produtos lácteos###G.a###Pasta ou molho de base láctea pasteurizada, refrigerada, com ou sem adições, temperadas ou não, excluindo os queijos###Coliformes Termotolerantes ###UFC/g###102 UFC/g
8###G- Outros produtos lácteos###G.a###Pasta ou molho de base láctea pasteurizada, refrigerada, com ou sem adições, temperadas ou não, excluindo os queijos###Estafilococos coagulase positiva###UFC/g###5x102 UFC/g
8###G- Outros produtos lácteos###G.b###Sobremesas lácteas pasturizadas refrigeradas, com ou sem adições###Salmonella sp###/25g###Ausência/25g
8###G- Outros produtos lácteos###G.b###Sobremesas lácteas pasturizadas refrigeradas, com ou sem adições###Bacillus cereus###UFC/g###5x102 UFC/g
8###G- Outros produtos lácteos###G.b###Sobremesas lácteas pasturizadas refrigeradas, com ou sem adições###Coliformes Termotolerantes ###UFC/g###05 UFC/g
8###G- Outros produtos lácteos###G.b###Sobremesas lácteas pasturizadas refrigeradas, com ou sem adições###Estafilococos coagulase positiva###UFC/g###5x102 UFC/g
8###G- Outros produtos lácteos###G.c###Mistura (pó) para o preparo de bebidas de base láctea, que serão consumidas após emprego de calor ou não###Salmonella sp###/25g###Ausência/25g
8###G- Outros produtos lácteos###G.c###Mistura (pó) para o preparo de bebidas de base láctea, que serão consumidas após emprego de calor ou não###Bacillus cereus###UFC/g###103 UFC/g
8###G- Outros produtos lácteos###G.c###Mistura (pó) para o preparo de bebidas de base láctea, que serão consumidas após emprego de calor ou não###Coliformes Termotolerantes ###UFC/g###10 UFC/g
8###G- Outros produtos lácteos###G.c###Mistura (pó) para o preparo de bebidas de base láctea, que serão consumidas após emprego de calor ou não###Estafilococos coagulase positiva###UFC/g###102 UFC/g
8###G- Outros produtos lácteos###G.d###Leite geleificado, pasteurizado com ou sem adições###Salmonella sp###/25g###Ausência/25g
8###G- Outros produtos lácteos###G.d###Leite geleificado, pasteurizado com ou sem adições###Coliformes Termotolerantes ###UFC/g###05 UFC/g
8###G- Outros produtos lácteos###G.d###Leite geleificado, pasteurizado com ou sem adições###Estafilococos coagulase positiva###UFC/g###5x102 UFC/g
10###Farinhas, massas alimentícias, produtos para e de panificação, (industrializados e embalados) e###A###Amidos, farinhas, féculas e fubá, em pó ou flocados###Salmonella sp###/25g###Ausência/25g
10###Farinhas, massas alimentícias, produtos para e de panificação, (industrializados e embalados) e###A###Amidos, farinhas, féculas e fubá, em pó ou flocados###Bacillus cereus###UFC/g###3x103 UFC/g
10###Farinhas, massas alimentícias, produtos para e de panificação, (industrializados e embalados) e###A###Amidos, farinhas, féculas e fubá, em pó ou flocados###Coliformes Termotolerantes ###UFC/g###102 UFC/g
10###Farinhas, massas alimentícias, produtos para e de panificação, (industrializados e embalados) e###B###Massas alimentícias secas, com ou sem ovos, com ou sem recheio; massas alimentícias frescas, cruas e não fermentadas, com ou sem ovos, com ou sem recheio e cobertura, e similares, refrigeradas###Salmonella sp###/25g###Ausência/25g
10###Farinhas, massas alimentícias, produtos para e de panificação, (industrializados e embalados) e###B###Massas alimentícias secas, com ou sem ovos, com ou sem recheio; massas alimentícias frescas, cruas e não fermentadas, com ou sem ovos, com ou sem recheio e cobertura, e similares, refrigeradas###Bacillus cereus###UFC/g###5x103 UFC/g
10###Farinhas, massas alimentícias, produtos para e de panificação, (industrializados e embalados) e###B###Massas alimentícias secas, com ou sem ovos, com ou sem recheio; massas alimentícias frescas, cruas e não fermentadas, com ou sem ovos, com ou sem recheio e cobertura, e similares, refrigeradas###Coliformes Termotolerantes ###UFC/g###102 UFC/g
10###Farinhas, massas alimentícias, produtos para e de panificação, (industrializados e embalados) e###B###Massas alimentícias secas, com ou sem ovos, com ou sem recheio; massas alimentícias frescas, cruas e não fermentadas, com ou sem ovos, com ou sem recheio e cobertura, e similares, refrigeradas###Estafilococos coagulase positiva###UFC/g###5x103 UFC/g
10###Farinhas, massas alimentícias, produtos para e de panificação, (industrializados e embalados) e###C###Produtos semi elaborados, com ou sem recheio, com ou sem cobertura (pão de queijo, de batata e similares, pizza, pastéis refrigerados e similares###Salmonella sp###/25g###Ausência/25g
10###Farinhas, massas alimentícias, produtos para e de panificação, (industrializados e embalados) e###C###Produtos semi elaborados, com ou sem recheio, com ou sem cobertura (pão de queijo, de batata e similares, pizza, pastéis refrigerados e similares###Bacillus cereus###UFC/g###5x102 UFC/g
10###Farinhas, massas alimentícias, produtos para e de panificação, (industrializados e embalados) e###C###Produtos semi elaborados, com ou sem recheio, com ou sem cobertura (pão de queijo, de batata e similares, pizza, pastéis refrigerados e similares###Coliformes Termotolerantes ###UFC/g###5x10 UFC/g
10###Farinhas, massas alimentícias, produtos para e de panificação, (industrializados e embalados) e###C###Produtos semi elaborados, com ou sem recheio, com ou sem cobertura (pão de queijo, de batata e similares, pizza, pastéis refrigerados e similares###Estafilococos coagulase positiva###UFC/g###5x102 UFC/g
10###Farinhas, massas alimentícias, produtos para e de panificação, (industrializados e embalados) e###D###Pão sem recheio e sem cobertura e produtos de panificação (roscas, farinha de rosca, torradas e pão tipo sueco, com ou sem sabores) e similares###Salmonella sp###/25g###Ausência/25g
10###Farinhas, massas alimentícias, produtos para e de panificação, (industrializados e embalados) e###D###Pão sem recheio e sem cobertura e produtos de panificação (roscas, farinha de rosca, torradas e pão tipo sueco, com ou sem sabores) e similares###Coliformes Termotolerantes ###UFC/g###102 UFC/g
10###Farinhas, massas alimentícias, produtos para e de panificação, (industrializados e embalados) e###E###Panetones, pães de Páscoa, bolos, massa pronta para tortas e similares, prontos para uso ou consumo, estáveis à  temperatura ambiente###Salmonella sp###/25g###Ausência/25g
10###Farinhas, massas alimentícias, produtos para e de panificação, (industrializados e embalados) e###E###Panetones, pães de Páscoa, bolos, massa pronta para tortas e similares, prontos para uso ou consumo, estáveis à  temperatura ambiente###Coliformes Termotolerantes ###UFC/g###10 UFC/g
10###Farinhas, massas alimentícias, produtos para e de panificação, (industrializados e embalados) e###F###Bolachas e biscoitos, sem recheio, com ou sem cobertura, incluindo pão de mel, cookies e similares###Salmonella sp###/25g###Ausência/25g
10###Farinhas, massas alimentícias, produtos para e de panificação, (industrializados e embalados) e###F###Bolachas e biscoitos, sem recheio, com ou sem cobertura, incluindo pão de mel, cookies e similares###Coliformes Termotolerantes ###UFC/g###10 UFC/g
10###Farinhas, massas alimentícias, produtos para e de panificação, (industrializados e embalados) e###F###Bolachas e biscoitos, sem recheio, com ou sem cobertura, incluindo pão de mel, cookies e similares###Estafilococos coagulase positiva###UFC/g###5x102 UFC/g
10###Farinhas, massas alimentícias, produtos para e de panificação, (industrializados e embalados) e###G###Bolachas e biscoitos, com recheio, com ou sem cobertura, incluindo pão de mel, cookies, alfajores e similares###Salmonella sp###/25g###Ausência/25g
10###Farinhas, massas alimentícias, produtos para e de panificação, (industrializados e embalados) e###G###Bolachas e biscoitos, com recheio, com ou sem cobertura, incluindo pão de mel, cookies, alfajores e similares###Coliformes Termotolerantes ###UFC/g###102 UFC/g
10###Farinhas, massas alimentícias, produtos para e de panificação, (industrializados e embalados) e###G###Bolachas e biscoitos, com recheio, com ou sem cobertura, incluindo pão de mel, cookies, alfajores e similares###Estafilococos coagulase positiva###UFC/g###103 UFC/g
10###Farinhas, massas alimentícias, produtos para e de panificação, (industrializados e embalados) e###H###Mistura em pó com ou sem ovos para bolos, pães, tortas, empadas, pizzas e similares###Salmonella sp###/25g###Ausência/25g
10###Farinhas, massas alimentícias, produtos para e de panificação, (industrializados e embalados) e###H###Mistura em pó com ou sem ovos para bolos, pães, tortas, empadas, pizzas e similares###Bacillus cereus###UFC/g###5x103 UFC/g
10###Farinhas, massas alimentícias, produtos para e de panificação, (industrializados e embalados) e###H###Mistura em pó com ou sem ovos para bolos, pães, tortas, empadas, pizzas e similares###Coliformes Termotolerantes ###UFC/g###102 UFC/g
10###Farinhas, massas alimentícias, produtos para e de panificação, (industrializados e embalados) e###I###Cereais matinais, extrudados###Coliformes Termotolerantes ###UFC/g###01 UFC/g
10###Farinhas, massas alimentícias, produtos para e de panificação, (industrializados e embalados) e###J###Produtos a base de amidos, farinhas, féculas e fubá, semi elaborados, estáveis à  temperatura ambiente###Salmonella sp###/25g###Ausência/25g
10###Farinhas, massas alimentícias, produtos para e de panificação, (industrializados e embalados) e###J###Produtos a base de amidos, farinhas, féculas e fubá, semi elaborados, estáveis à  temperatura ambiente###Coliformes Termotolerantes ###UFC/g###5x10 UFC/g
10###Farinhas, massas alimentícias, produtos para e de panificação, (industrializados e embalados) e###L###Farelo e fibras de cereais, com ou sem mistura de farinhas, de outros produtos de cereais, com ou sem adições de outros ingredientes e similares###Salmonella sp###/25g###Ausência/25g
10###Farinhas, massas alimentícias, produtos para e de panificação, (industrializados e embalados) e###L###Farelo e fibras de cereais, com ou sem mistura de farinhas, de outros produtos de cereais, com ou sem adições de outros ingredientes e similares###Bacillus cereus###UFC/g###5x103 UFC/g
10###Farinhas, massas alimentícias, produtos para e de panificação, (industrializados e embalados) e###L###Farelo e fibras de cereais, com ou sem mistura de farinhas, de outros produtos de cereais, com ou sem adições de outros ingredientes e similares###Coliformes Termotolerantes ###UFC/g###5x102 UFC/g
10###Farinhas, massas alimentícias, produtos para e de panificação, (industrializados e embalados) e###M###Cereais compactados, em barra ou outras formas, com ou sem adições###Salmonella sp###/25g###Ausência/25g
10###Farinhas, massas alimentícias, produtos para e de panificação, (industrializados e embalados) e###M###Cereais compactados, em barra ou outras formas, com ou sem adições###Bacillus cereus###UFC/g###5x102 UFC/g
10###Farinhas, massas alimentícias, produtos para e de panificação, (industrializados e embalados) e###M###Cereais compactados, em barra ou outras formas, com ou sem adições###Coliformes Termotolerantes ###UFC/g###5x10 UFC/g
10###Farinhas, massas alimentícias, produtos para e de panificação, (industrializados e embalados) e###N###Granola e mistura de cereais não compactados, com ou sem adições, e similares###Salmonella sp###/25g###Ausência/25g
10###Farinhas, massas alimentícias, produtos para e de panificação, (industrializados e embalados) e###N###Granola e mistura de cereais não compactados, com ou sem adições, e similares###Bacillus cereus###UFC/g###5x103 UFC/g
10###Farinhas, massas alimentícias, produtos para e de panificação, (industrializados e embalados) e###N###Granola e mistura de cereais não compactados, com ou sem adições, e similares###Coliformes Termotolerantes ###UFC/g###5x102 UFC/g
10###Farinhas, massas alimentícias, produtos para e de panificação, (industrializados e embalados) e###N###Granola e mistura de cereais não compactados, com ou sem adições, e similares###Estafilococos coagulase positiva###UFC/g###103 UFC/g
11###Açúcares, adoçantes e similares###A###Açúcar refinado, sólido (moído, em grânulos e similares) ou líquido###Coliformes Termotolerantes ###UFC/g###05 UFC/g(mL)
11###Açúcares, adoçantes e similares###B###Açúcar cristal não refinado, açúcar mascavo e demerara, melado, melaço e rapadura e similares###Salmonella sp###/25g###Ausência/25g(mL)
11###Açúcares, adoçantes e similares###B###Açúcar cristal não refinado, açúcar mascavo e demerara, melado, melaço e rapadura e similares###Coliformes Termotolerantes ###UFC/g###102 UFC/g(mL)
11###Açúcares, adoçantes e similares###C###Edulcorantes, adoçantes de mesa e similares, em pó, líquido ou comprimidos###Coliforme a 35ºC ###UFC/g###02 UFC/g(mL)
12###Produtos a serem consumidos após adição de líquido, com emprego de calor (min. 75Â°C durante 20 s###A###Café torrado, em grão, moído e solúvel, descafeinado e não, adicionado de outros ingredientes e não (com sabores, café capuccino cevada em pó e similares###Coliformes Termotolerantes ###UFC/g###10 UFC/g
12###Produtos a serem consumidos após adição de líquido, com emprego de calor (min. 75Â°C durante 20 s###B###Chá e produtos similares, não obtidos por processamento térmico (secos, desidratados ou não consumidos após tratamento térmico (infusão e decocção com ou sem adição de açúcar e outros ingredientes###Salmonella sp###/25g###Ausência/25g
12###Produtos a serem consumidos após adição de líquido, com emprego de calor (min. 75Â°C durante 20 s###C###Chá e produtos similares, obtidos por processamento térmico (torração e processos similares consumidos após tratamento térmico (Infusão e decocção com ou sem adição de açúcar e outros ingredientes###Salmonella sp###/25g###Ausência/25g
12###Produtos a serem consumidos após adição de líquido, com emprego de calor (min. 75Â°C durante 20 s###C###Chá e produtos similares, obtidos por processamento térmico (torração e processos similares consumidos após tratamento térmico (Infusão e decocção com ou sem adição de açúcar e outros ingredientes###Coliformes Termotolerantes ###UFC/g###103 UFC/g
12###Produtos a serem consumidos após adição de líquido, com emprego de calor (min. 75Â°C durante 20 s###D###Misturas ou pós para preparo de sopas, caldos, purês, risotos, massas alimentícias e outras preparações para empanar, temperar, e similares###Salmonella sp###/25g###Ausência/25g
12###Produtos a serem consumidos após adição de líquido, com emprego de calor (min. 75Â°C durante 20 s###D###Misturas ou pós para preparo de sopas, caldos, purês, risotos, massas alimentícias e outras preparações para empanar, temperar, e similares###Bacillus cereus###UFC/g###3x103 UFC/g
12###Produtos a serem consumidos após adição de líquido, com emprego de calor (min. 75Â°C durante 20 s###D###Misturas ou pós para preparo de sopas, caldos, purês, risotos, massas alimentícias e outras preparações para empanar, temperar, e similares###Coliformes Termotolerantes ###UFC/g###102 UFC/g
12###Produtos a serem consumidos após adição de líquido, com emprego de calor (min. 75Â°C durante 20 s###E###Misturas ou pós para preparo de sobremesas, excluindo gelatinas###Salmonella sp###/25g###Ausência/25g
12###Produtos a serem consumidos após adição de líquido, com emprego de calor (min. 75Â°C durante 20 s###E###Misturas ou pós para preparo de sobremesas, excluindo gelatinas###Coliformes Termotolerantes ###UFC/g###5x10 UFC/g
12###Produtos a serem consumidos após adição de líquido, com emprego de calor (min. 75Â°C durante 20 s###E###Misturas ou pós para preparo de sobremesas, excluindo gelatinas###Bacillus cereus###UFC/g###103 UFC/g
12###Produtos a serem consumidos após adição de líquido, com emprego de calor (min. 75Â°C durante 20 s###F###Pós, flocos, folhas, misturas em pó para preparo de sobremesas à  base de gelatina e similares###Coliformes Termotolerantes ###UFC/g###01 UFC/g
13###Produtos a serem consumidos após adição de líquido, sem emprego de calor, excluindo os de base l###A###Mistura (pó) para o preparo de bebidas excluindo pó para o preparo de bebidas não alcoólicas###Salmonella sp###/25g###Ausência/25g
13###Produtos a serem consumidos após adição de líquido, sem emprego de calor, excluindo os de base l###A###Mistura (pó) para o preparo de bebidas excluindo pó para o preparo de bebidas não alcoólicas###Coliformes Termotolerantes ###UFC/g###5x10 UFC/g
13###Produtos a serem consumidos após adição de líquido, sem emprego de calor, excluindo os de base l###B###Mistura (pó) para o preparo de outros alimentos instantâneos###Salmonella sp###/25g###Ausência/25g
13###Produtos a serem consumidos após adição de líquido, sem emprego de calor, excluindo os de base l###B###Mistura (pó) para o preparo de outros alimentos instantâneos###Bacillus cereus###UFC/g###103 UFC/g
13###Produtos a serem consumidos após adição de líquido, sem emprego de calor, excluindo os de base l###B###Mistura (pó) para o preparo de outros alimentos instantâneos###Coliformes Termotolerantes ###UFC/g###5x10 UFC/g
14###Produtos sólidos prontos para o consumo (petiscos e similares)###A###Sementes comestíveis cruas, salgadas, condimentadas ou não###Salmonella sp###/25g###Ausência/25g
14###Produtos sólidos prontos para o consumo (petiscos e similares)###A###Sementes comestíveis cruas, salgadas, condimentadas ou não###Coliformes Termotolerantes ###UFC/g###102 UFC/g
14###Produtos sólidos prontos para o consumo (petiscos e similares)###B###Sementes comestíveis torradas, fritas, salgadas, adocicadas, condimentadas ou não, com coberturas e não###Salmonella sp###/25g###Ausência/25g
14###Produtos sólidos prontos para o consumo (petiscos e similares)###B###Sementes comestíveis torradas, fritas, salgadas, adocicadas, condimentadas ou não, com coberturas e não###Coliformes Termotolerantes ###UFC/g###5x10 UFC/g
14###Produtos sólidos prontos para o consumo (petiscos e similares)###C###Produtos salgados e doces, extrudados ou não, fritos, assados ou compactados, incluindo torresmos e similares###Salmonella sp###/25g###Ausência/25g
14###Produtos sólidos prontos para o consumo (petiscos e similares)###C###Produtos salgados e doces, extrudados ou não, fritos, assados ou compactados, incluindo torresmos e similares###Coliformes Termotolerantes ###UFC/g###5x10 UFC/g
15###Especiarias, temperos, condimentos e molhos preparados e similares###A###Especiarias íntegras e moídas (grãos, folhas, raízes, ou outras partes do vegetal isolados ou em mistura, colorífico e similares###Salmonella sp###/25g###Ausência/25g
15###Especiarias, temperos, condimentos e molhos preparados e similares###A###Especiarias íntegras e moídas (grãos, folhas, raízes, ou outras partes do vegetal isolados ou em mistura, colorífico e similares###Coliformes Termotolerantes ###UFC/g###5x102 UFC/g
15###Especiarias, temperos, condimentos e molhos preparados e similares###B###Especiarias, condimentos e temperos prensados ou flocados ou em pó com adição de outros ingredientes ou não###Salmonella sp###/25g###Ausência/25g
15###Especiarias, temperos, condimentos e molhos preparados e similares###B###Especiarias, condimentos e temperos prensados ou flocados ou em pó com adição de outros ingredientes ou não###Coliformes Termotolerantes ###UFC/g###102 UFC/g
15###Especiarias, temperos, condimentos e molhos preparados e similares###C###Temperos em pasta ou molho, isolados ou em mistura, com ou sem especiarias (pasta e molho de alho ou cebola, molhos para saladas, e outros)###Salmonella sp###/25g###Ausência/25g
15###Especiarias, temperos, condimentos e molhos preparados e similares###C###Temperos em pasta ou molho, isolados ou em mistura, com ou sem especiarias (pasta e molho de alho ou cebola, molhos para saladas, e outros)###Coliformes Termotolerantes ###UFC/g###102 UFC/g
15###Especiarias, temperos, condimentos e molhos preparados e similares###D###Condimentos e produtos para o preparo de molhos prensados, flocados ou em pó(mistura para tempero de feijão, refogar e similares)###Salmonella sp###/25g###Ausência/25g
15###Especiarias, temperos, condimentos e molhos preparados e similares###D###Condimentos e produtos para o preparo de molhos prensados, flocados ou em pó(mistura para tempero de feijão, refogar e similares)###Coliformes Termotolerantes ###UFC/g###10 UFC/g
15###Especiarias, temperos, condimentos e molhos preparados e similares###D###Condimentos e produtos para o preparo de molhos prensados, flocados ou em pó(mistura para tempero de feijão, refogar e similares)###Estafilococos coagulase positiva###UFC/g###102 UFC/g
15###Especiarias, temperos, condimentos e molhos preparados e similares###E###Molhos e condimentos preparados, líquidos ou cremosos, prontos para o consumo, não comercialmente estéreis (tempero de saladas e outros alimentos excluindo ketchup, mostarda e maionese###Salmonella sp###/25g###Ausência/25g
15###Especiarias, temperos, condimentos e molhos preparados e similares###E###Molhos e condimentos preparados, líquidos ou cremosos, prontos para o consumo, não comercialmente estéreis (tempero de saladas e outros alimentos excluindo ketchup, mostarda e maionese###Coliformes Termotolerantes ###UFC/g###5x10 UFC/g
15###Especiarias, temperos, condimentos e molhos preparados e similares###E###Molhos e condimentos preparados, líquidos ou cremosos, prontos para o consumo, não comercialmente estéreis (tempero de saladas e outros alimentos excluindo ketchup, mostarda e maionese###Estafilococos coagulase positiva###UFC/g###102 UFC/g
15###Especiarias, temperos, condimentos e molhos preparados e similares###F###Ketchup e mostarda de mesa, não comercialmente estéreis, prontos para o consumo, isolados ou em mistura, adicionados ou não de outros ingredientes###Coliformes Termotolerantes ###UFC/g###10 UFC/g
15###Especiarias, temperos, condimentos e molhos preparados e similares###G###Maionese e similares, industrializados, incluindo molhos e pastas à  base de maionese, com ou sem outros ingredientes###Salmonella sp###/25g###Ausência/25g
15###Especiarias, temperos, condimentos e molhos preparados e similares###G###Maionese e similares, industrializados, incluindo molhos e pastas à  base de maionese, com ou sem outros ingredientes###Coliformes Termotolerantes ###UFC/g###10 UFC/g
15###Especiarias, temperos, condimentos e molhos preparados e similares###H###Outros produtos para temperar (glutamato monosódico e similares prontos para o consumo###Salmonella sp###/25g###Ausência/25g
15###Especiarias, temperos, condimentos e molhos preparados e similares###H###Outros produtos para temperar (glutamato monosódico e similares prontos para o consumo###Coliformes Termotolerantes ###UFC/g###10 UFC/g
16###Margarina, azeite virgem, gorduras e cremes vegetais e similares###A###Margarina, cremes vegetais e similares, em mistura e não com manteiga ou outras gorduras animais###Coliformes Termotolerantes ###UFC/g###01 UFC/g
16###Margarina, azeite virgem, gorduras e cremes vegetais e similares###B###Gordura vegetal hidrogenada ou parcialmente hidrogenada, incluindo os produtos para untar e similares###Coliformes Termotolerantes ###UFC/g###05 UFC/g
16###Margarina, azeite virgem, gorduras e cremes vegetais e similares###B###Gordura vegetal hidrogenada ou parcialmente hidrogenada, incluindo os produtos para untar e similares###Estafilococos coagulase positiva###UFC/g###102 UFC/g
16###Margarina, azeite virgem, gorduras e cremes vegetais e similares###C###Azeite de dendê e similares###Coliformes Termotolerantes ###UFC/g###05 UFC/g
17###Sucos, refrescos, refrigerantes e outras bebidas não alcoólicas, excluindo os de base láctea e d###A###Refrigerantes e outros compostos líquidos prontos para o consumo; refrescos, sucos e néctares adicionados ou não de conservadores, congelados ou não###Coliformes a 35ºC###UFC/mL###Ausência/50mL
17###Sucos, refrescos, refrigerantes e outras bebidas não alcoólicas, excluindo os de base láctea e d###B###Sucos concentrados adicionados ou não de conservadores, congelados ou não. Obs. Valores estabelecidos para o produto reconstituído###Salmonella sp###/25mL###Ausência/25mL
17###Sucos, refrescos, refrigerantes e outras bebidas não alcoólicas, excluindo os de base láctea e d###B###Sucos concentrados adicionados ou não de conservadores, congelados ou não. Obs. Valores estabelecidos para o produto reconstituído###Coliformes a 35ºC###UFC/mL###Ausência/50mL
17###Sucos, refrescos, refrigerantes e outras bebidas não alcoólicas, excluindo os de base láctea e d###E###Sucos desidratados, incluindo caldo de cana, de açaí e similares###Salmonella sp###/25g###Ausência/25g
17###Sucos, refrescos, refrigerantes e outras bebidas não alcoólicas, excluindo os de base láctea e d###E###Sucos desidratados, incluindo caldo de cana, de açaí e similares###Coliformes a 35ºC ###UFC/g###10 UFC/g
17###Sucos, refrescos, refrigerantes e outras bebidas não alcoólicas, excluindo os de base láctea e d###F###Xaropes e preparado líquido para refrescos###Coliformes a 35ºC###UFC/g###10 UFC/g
17###Sucos, refrescos, refrigerantes e outras bebidas não alcoólicas, excluindo os de base láctea e d###G###Pó para o preparo de refrescos###Coliformes a 35ºC###UFC/g###01 UFC/g
17###Sucos, refrescos, refrigerantes e outras bebidas não alcoólicas, excluindo os de base láctea e d###H###Sucos e refrescos 'in natura', incluindo água de coco, caldo de cana, de açaí e similares, isolados ou em misturas###Salmonella sp###/25mL###Ausência/25mL
17###Sucos, refrescos, refrigerantes e outras bebidas não alcoólicas, excluindo os de base láctea e d###H###Sucos e refrescos 'in natura', incluindo água de coco, caldo de cana, de açaí e similares, isolados ou em misturas###Coliformes Termotolerantes ###UFC/mL###102 UFC/mL
17###Sucos, refrescos, refrigerantes e outras bebidas não alcoólicas, excluindo os de base láctea e d###I###Sucos pasteurizados e refrigerados, incluindo água de coco, caldo de cana, de açaí e similares, isolados ou em mistura###Salmonella sp###/25mL###Ausência/25mL
17###Sucos, refrescos, refrigerantes e outras bebidas não alcoólicas, excluindo os de base láctea e d###I###Sucos pasteurizados e refrigerados, incluindo água de coco, caldo de cana, de açaí e similares, isolados ou em mistura###Coliformes Termotolerantes ###UFC/mL###10 UFC/mL
18###Produtos de confeitaria, lanchonete, padarias e similares, doces e salgados: prontos para consum###A###Bolos, tortas e similares, doces ou salgados, com ou sem recheio e cobertura, estáveis a temperatura ambiente; pastéis, empadas, sanduíches quentes e outros salgados###Salmonella sp###/25g###Ausência/25g
18###Produtos de confeitaria, lanchonete, padarias e similares, doces e salgados: prontos para consum###A###Bolos, tortas e similares, doces ou salgados, com ou sem recheio e cobertura, estáveis a temperatura ambiente; pastéis, empadas, sanduíches quentes e outros salgados###Bacillus cereus###UFC/g###103 UFC/g
18###Produtos de confeitaria, lanchonete, padarias e similares, doces e salgados: prontos para consum###A###Bolos, tortas e similares, doces ou salgados, com ou sem recheio e cobertura, estáveis a temperatura ambiente; pastéis, empadas, sanduíches quentes e outros salgados###Coliformes Termotolerantes ###UFC/g###102 UFC/g
18###Produtos de confeitaria, lanchonete, padarias e similares, doces e salgados: prontos para consum###A###Bolos, tortas e similares, doces ou salgados, com ou sem recheio e cobertura, estáveis a temperatura ambiente; pastéis, empadas, sanduíches quentes e outros salgados###Estafilococos coagulase positiva###UFC/g###103 UFC/g
18###Produtos de confeitaria, lanchonete, padarias e similares, doces e salgados: prontos para consum###A###Bolos, tortas e similares, doces ou salgados, com ou sem recheio e cobertura, estáveis a temperatura ambiente; pastéis, empadas, sanduíches quentes e outros salgados###Clostridio Sulfito Redutor a 46oC (específico para produtos à  base de carnes)###UFC/g###103 UFC/g
18###Produtos de confeitaria, lanchonete, padarias e similares, doces e salgados: prontos para consum###B###Bolos, tortas e similares, doces ou salgados, com ou sem recheio e cobertura, refrigerados ou congelados###Salmonella sp###/25g###Ausência/25g
18###Produtos de confeitaria, lanchonete, padarias e similares, doces e salgados: prontos para consum###B###Bolos, tortas e similares, doces ou salgados, com ou sem recheio e cobertura, refrigerados ou congelados###Bacillus cereus###UFC/g###103 UFC/g
18###Produtos de confeitaria, lanchonete, padarias e similares, doces e salgados: prontos para consum###B###Bolos, tortas e similares, doces ou salgados, com ou sem recheio e cobertura, refrigerados ou congelados###Coliformes Termotolerantes ###UFC/g###102 UFC/g
18###Produtos de confeitaria, lanchonete, padarias e similares, doces e salgados: prontos para consum###B###Bolos, tortas e similares, doces ou salgados, com ou sem recheio e cobertura, refrigerados ou congelados###Estafilococos coagulase positiva###UFC/g###103 UFC/g
18###Produtos de confeitaria, lanchonete, padarias e similares, doces e salgados: prontos para consum###B###Bolos, tortas e similares, doces ou salgados, com ou sem recheio e cobertura, refrigerados ou congelados###Clostridio Sulfito Redutor a 46oC (específico para produtos à  base de carnes)###UFC/g###103 UFC/g
18###Produtos de confeitaria, lanchonete, padarias e similares, doces e salgados: prontos para consum###C###Sanduíches frios e similares###Salmonella sp###/25g###Ausência/25g
18###Produtos de confeitaria, lanchonete, padarias e similares, doces e salgados: prontos para consum###C###Sanduíches frios e similares###Bacillus cereus###UFC/g###5x103 UFC/g
18###Produtos de confeitaria, lanchonete, padarias e similares, doces e salgados: prontos para consum###C###Sanduíches frios e similares###Coliformes Termotolerantes ###UFC/g###102 UFC/g
18###Produtos de confeitaria, lanchonete, padarias e similares, doces e salgados: prontos para consum###C###Sanduíches frios e similares###Estafilococos coagulase positiva###UFC/g###5x103 UFC/g
18###Produtos de confeitaria, lanchonete, padarias e similares, doces e salgados: prontos para consum###C###Sanduíches frios e similares###Clostridio Sulfito Redutor a 46oC (específico para produtos à  base de carnes)###UFC/g###103 UFC/g
18###Produtos de confeitaria, lanchonete, padarias e similares, doces e salgados: prontos para consum###D###Pães doce e salgado, com recheio e ou com cobertura e similares###Salmonella sp###/25g###Ausência/25g
18###Produtos de confeitaria, lanchonete, padarias e similares, doces e salgados: prontos para consum###D###Pães doce e salgado, com recheio e ou com cobertura e similares###Bacillus cereus###UFC/g###5x103 UFC/g
18###Produtos de confeitaria, lanchonete, padarias e similares, doces e salgados: prontos para consum###D###Pães doce e salgado, com recheio e ou com cobertura e similares###Coliformes Termotolerantes ###UFC/g###102 UFC/g
18###Produtos de confeitaria, lanchonete, padarias e similares, doces e salgados: prontos para consum###D###Pães doce e salgado, com recheio e ou com cobertura e similares###Estafilococos coagulase positiva###UFC/g###5x103 UFC/g
18###Produtos de confeitaria, lanchonete, padarias e similares, doces e salgados: prontos para consum###D###Pães doce e salgado, com recheio e ou com cobertura e similares###Clostridio Sulfito Redutor a 46oC (específico para produtos à  base de carnes)###UFC/g###5x103 UFC/g
19###Chocolates, balas, produtos para confeitar, gomas de mascar e similares###A###Balas, pastilhas, drageados, caramelos, confeitos e similares###Salmonella sp (exclusivo para drageados)###/25g###Ausência/25g
19###Chocolates, balas, produtos para confeitar, gomas de mascar e similares###A###Balas, pastilhas, drageados, caramelos, confeitos e similares###Coliformes Termotolerantes ###UFC/g###10 UFC/g
19###Chocolates, balas, produtos para confeitar, gomas de mascar e similares###B###Gomas de mascar e similares###Coliformes Termotolerantes ###UFC/g###10 UFC/g
19###Chocolates, balas, produtos para confeitar, gomas de mascar e similares###C###Chocolate e produtos similares em barra ou na forma de bombom, adicionado ou não de outros ingredientes secos###Salmonella sp###/25g###Ausência/25g
19###Chocolates, balas, produtos para confeitar, gomas de mascar e similares###C###Chocolate e produtos similares em barra ou na forma de bombom, adicionado ou não de outros ingredientes secos###Coliformes Termotolerantes ###UFC/g###10 UFC/g
19###Chocolates, balas, produtos para confeitar, gomas de mascar e similares###C###Chocolate e produtos similares em barra ou na forma de bombom, adicionado ou não de outros ingredientes secos###Estafilococos coagulase positiva###UFC/g###5x102 UFC/g
19###Chocolates, balas, produtos para confeitar, gomas de mascar e similares###D###Chocolate e produtos similares, em barra, bombom e similares, com ou sem recheio e cobertura, excluindo os que contém ingredientes secos###Salmonella sp###/25g###Ausência/25g
19###Chocolates, balas, produtos para confeitar, gomas de mascar e similares###D###Chocolate e produtos similares, em barra, bombom e similares, com ou sem recheio e cobertura, excluindo os que contém ingredientes secos###Coliformes Termotolerantes ###UFC/g###10 UFC/g
19###Chocolates, balas, produtos para confeitar, gomas de mascar e similares###D###Chocolate e produtos similares, em barra, bombom e similares, com ou sem recheio e cobertura, excluindo os que contém ingredientes secos###Estafilococos coagulase positiva###UFC/g###103 UFC/g
19###Chocolates, balas, produtos para confeitar, gomas de mascar e similares###E###Chocolates e produtos similares, em pó, granulado ou flocados e outros produtos de cacau e similares###Salmonella sp###/25g###Ausência/25g
19###Chocolates, balas, produtos para confeitar, gomas de mascar e similares###E###Chocolates e produtos similares, em pó, granulado ou flocados e outros produtos de cacau e similares###Coliformes Termotolerantes ###UFC/g###5x103 UFC/g
19###Chocolates, balas, produtos para confeitar, gomas de mascar e similares###F###Caldas, xaropes, cremes, recheios e similares, exceção dos acondicionadas em embalagens herméticas###Coliformes Termotolerantes ###UFC/g###01 UFC/g
19###Chocolates, balas, produtos para confeitar, gomas de mascar e similares###G###Coberturas em pó, granuladas ou flocadas, prontas para consumo, incluindo as farofas doces###Salmonella sp###/25g###Ausência/25g
19###Chocolates, balas, produtos para confeitar, gomas de mascar e similares###G###Coberturas em pó, granuladas ou flocadas, prontas para consumo, incluindo as farofas doces###Coliformes Termotolerantes ###UFC/g###102 UFC/g
19###Chocolates, balas, produtos para confeitar, gomas de mascar e similares###G###Coberturas em pó, granuladas ou flocadas, prontas para consumo, incluindo as farofas doces###Estafilococos coagulase positiva###UFC/g###5x102 UFC/g
19###Chocolates, balas, produtos para confeitar, gomas de mascar e similares###H###Cremes, recheios e similares, refrigerados ou congelados###Salmonella sp###/25g###Ausência/25g
19###Chocolates, balas, produtos para confeitar, gomas de mascar e similares###H###Cremes, recheios e similares, refrigerados ou congelados###Coliformes Termotolerantes ###UFC/g###102 UFC/g
19###Chocolates, balas, produtos para confeitar, gomas de mascar e similares###H###Cremes, recheios e similares, refrigerados ou congelados###Estafilococos coagulase positiva###UFC/g###103 UFC/g
20###Alimentos embalados e congelados, exceção de sobremesas###A###Alimentos parcialmente preparados (massas alimentícias cruas com ou sem recheio, pratos crus à  base de carnes, vegetais, pescados, cereais, etc.)###Salmonella sp###/25g###Ausência/25g
20###Alimentos embalados e congelados, exceção de sobremesas###A###Alimentos parcialmente preparados (massas alimentícias cruas com ou sem recheio, pratos crus à  base de carnes, vegetais, pescados, cereais, etc.)###Bacillus cereus (específico para produtos à  base de cereais ou amidos)###UFC/g###5x103 UFC/g
20###Alimentos embalados e congelados, exceção de sobremesas###A###Alimentos parcialmente preparados (massas alimentícias cruas com ou sem recheio, pratos crus à  base de carnes, vegetais, pescados, cereais, etc.)###Coliformes Termotolerantes ###UFC/g###5x102 UFC/g
20###Alimentos embalados e congelados, exceção de sobremesas###A###Alimentos parcialmente preparados (massas alimentícias cruas com ou sem recheio, pratos crus à  base de carnes, vegetais, pescados, cereais, etc.)###Estafilococos coagulase positiva###UFC/g###103 UFC/g
20###Alimentos embalados e congelados, exceção de sobremesas###A###Alimentos parcialmente preparados (massas alimentícias cruas com ou sem recheio, pratos crus à  base de carnes, vegetais, pescados, cereais, etc.)###Clostridio Sulfito Redutor a 46oC (específico para produtos à base de carnes)###UFC/g###3x102 UFC/g
20###Alimentos embalados e congelados, exceção de sobremesas###B###Pães, pizzas e outras massas parcialmente preparadas, condimentadas ou não, adicionada de outros ingredientes ou não e similares, incluindo os pães de queijo###Salmonella sp###/25g###Ausência/25g
20###Alimentos embalados e congelados, exceção de sobremesas###B###Pães, pizzas e outras massas parcialmente preparadas, condimentadas ou não, adicionada de outros ingredientes ou não e similares, incluindo os pães de queijo###Bacillus cereus###UFC/g###5x103 UFC/g
20###Alimentos embalados e congelados, exceção de sobremesas###B###Pães, pizzas e outras massas parcialmente preparadas, condimentadas ou não, adicionada de outros ingredientes ou não e similares, incluindo os pães de queijo###Coliformes Termotolerantes ###UFC/g###5x102 UFC/g
20###Alimentos embalados e congelados, exceção de sobremesas###B###Pães, pizzas e outras massas parcialmente preparadas, condimentadas ou não, adicionada de outros ingredientes ou não e similares, incluindo os pães de queijo###Estafilococos coagulase positiva###UFC/g###5x103 UFC/g
20###Alimentos embalados e congelados, exceção de sobremesas###C###Alimentos preparados, que necessitam de descongelamento e aquecimento, mas não de cocção, segundo instruções da rotulagem###Salmonella sp###/25g###Ausência/25g
20###Alimentos embalados e congelados, exceção de sobremesas###C###Alimentos preparados, que necessitam de descongelamento e aquecimento, mas não de cocção, segundo instruções da rotulagem###Bacillus cereus (específico para produtos à  base de cereais ou amidos)###UFC/g###103 UFC/g
20###Alimentos embalados e congelados, exceção de sobremesas###C###Alimentos preparados, que necessitam de descongelamento e aquecimento, mas não de cocção, segundo instruções da rotulagem###Coliformes Termotolerantes ###UFC/g###102 UFC/g
20###Alimentos embalados e congelados, exceção de sobremesas###C###Alimentos preparados, que necessitam de descongelamento e aquecimento, mas não de cocção, segundo instruções da rotulagem###Estafilococos coagulase positiva###UFC/g###103 UFC/g
20###Alimentos embalados e congelados, exceção de sobremesas###C###Alimentos preparados, que necessitam de descongelamento e aquecimento, mas não de cocção, segundo instruções da rotulagem###Clostridio Sulfito Redutor a 46oC (específico para produtos à base de carnes)###UFC/g###5x102 UFC/g
21###Gelados comestíveis e produtos para o preparo de gelados comestíveis###A###Gelados comestíveis e produtos especiais gelados a base de leite e produtos lácteos (sorvetes e picolés com ou sem cobertura, sanduíche e bolo de sorvete) e similares; Preparados e concentrados para o preparo de gelados comestíveis###Salmonella sp###/25g###Ausência/25g
21###Gelados comestíveis e produtos para o preparo de gelados comestíveis###A###Gelados comestíveis e produtos especiais gelados a base de leite e produtos lácteos (sorvetes e picolés com ou sem cobertura, sanduíche e bolo de sorvete) e similares; Preparados e concentrados para o preparo de gelados comestíveis###Coliformes Termotolerantes ###UFC/g###5x10 UFC/g
21###Gelados comestíveis e produtos para o preparo de gelados comestíveis###A###Gelados comestíveis e produtos especiais gelados a base de leite e produtos lácteos (sorvetes e picolés com ou sem cobertura, sanduíche e bolo de sorvete) e similares; Preparados e concentrados para o preparo de gelados comestíveis###Estafilococos coagulase positiva###UFC/g###5x102 UFC/g
21###Gelados comestíveis e produtos para o preparo de gelados comestíveis###B###Gelados comestíveis e produtos especiais gelados, de base não láctea (água, suco de fruta) e similares###Salmonella sp###/25g###Ausência/25g
21###Gelados comestíveis e produtos para o preparo de gelados comestíveis###B###Gelados comestíveis e produtos especiais gelados, de base não láctea (água, suco de fruta) e similares###Coliformes Termotolerantes ###UFC/g###5x10 UFC/g
21###Gelados comestíveis e produtos para o preparo de gelados comestíveis###C###Base, em pó ou líquida, para o preparo de gelados comestíveis###Salmonella sp (específico para os produtos que contêm ovos)###/25g###Ausência/25g(mL)
21###Gelados comestíveis e produtos para o preparo de gelados comestíveis###C###Base, em pó ou líquida, para o preparo de gelados comestíveis###Coliformes Termotolerantes ###UFC/g###10 UFC/g(mL)
22###Pratos prontos para o consumo (alimentos prontos de cozinhas, restaurantes e similares)###A###A base de carnes, pescados, ovos e similares cozidos###Salmonella sp###/25g###Ausência/25g
22###Pratos prontos para o consumo (alimentos prontos de cozinhas, restaurantes e similares)###A###A base de carnes, pescados, ovos e similares cozidos###Bacillus cereus###UFC/g###103 UFC/g
22###Pratos prontos para o consumo (alimentos prontos de cozinhas, restaurantes e similares)###A###A base de carnes, pescados, ovos e similares cozidos###Coliformes Termotolerantes ###UFC/g###2x10 UFC/g
22###Pratos prontos para o consumo (alimentos prontos de cozinhas, restaurantes e similares)###A###A base de carnes, pescados, ovos e similares cozidos###Estafilococos coagulase positiva###UFC/g###103 UFC/g
22###Pratos prontos para o consumo (alimentos prontos de cozinhas, restaurantes e similares)###A###A base de carnes, pescados, ovos e similares cozidos###Clostridio Sulfito Redutor a 46oC (específico para produtos à base de carnes)###UFC/g###103 UFC/g
22###Pratos prontos para o consumo (alimentos prontos de cozinhas, restaurantes e similares)###B###A base de carnes, pescados e similares crus (quibe cru, carpaccio, sushi, sashimi, etc.)###Salmonella sp###/25g###Ausência/25g
22###Pratos prontos para o consumo (alimentos prontos de cozinhas, restaurantes e similares)###B###A base de carnes, pescados e similares crus (quibe cru, carpaccio, sushi, sashimi, etc.)###Coliformes Termotolerantes ###UFC/g###102 UFC/g
22###Pratos prontos para o consumo (alimentos prontos de cozinhas, restaurantes e similares)###B###A base de carnes, pescados e similares crus (quibe cru, carpaccio, sushi, sashimi, etc.)###Estafilococos coagulase positiva###UFC/g###5x103 UFC/g
22###Pratos prontos para o consumo (alimentos prontos de cozinhas, restaurantes e similares)###B###A base de carnes, pescados e similares crus (quibe cru, carpaccio, sushi, sashimi, etc.)###Vibrio parahaemolyticus###NMP/g###103 NMP/g
22###Pratos prontos para o consumo (alimentos prontos de cozinhas, restaurantes e similares)###C###Sopas, caldos e molhos cozidos###Salmonella sp###/25g###Ausência/25g
22###Pratos prontos para o consumo (alimentos prontos de cozinhas, restaurantes e similares)###C###Sopas, caldos e molhos cozidos###Bacillus cereus###UFC/g###103 UFC/g
22###Pratos prontos para o consumo (alimentos prontos de cozinhas, restaurantes e similares)###C###Sopas, caldos e molhos cozidos###Coliformes Termotolerantes ###UFC/g###10 UFC/g
22###Pratos prontos para o consumo (alimentos prontos de cozinhas, restaurantes e similares)###C###Sopas, caldos e molhos cozidos###Estafilococos coagulase positiva###UFC/g###103 UFC/g
22###Pratos prontos para o consumo (alimentos prontos de cozinhas, restaurantes e similares)###C###Sopas, caldos e molhos cozidos###Clostridio Sulfito Redutor a 46oC (específico para produtos à base de carnes)###UFC/g###103 UFC/g
22###Pratos prontos para o consumo (alimentos prontos de cozinhas, restaurantes e similares)###D###A base de cereais, farinhas, grãos e similares; saladas mistas, temperadas ou não, com ou sem molho, exceção das adicionadas de molho de maionese e similares###Salmonella sp###/25g###Ausência/25g
22###Pratos prontos para o consumo (alimentos prontos de cozinhas, restaurantes e similares)###D###A base de cereais, farinhas, grãos e similares; saladas mistas, temperadas ou não, com ou sem molho, exceção das adicionadas de molho de maionese e similares###Bacillus cereus###UFC/g###103 UFC/g
22###Pratos prontos para o consumo (alimentos prontos de cozinhas, restaurantes e similares)###D###A base de cereais, farinhas, grãos e similares; saladas mistas, temperadas ou não, com ou sem molho, exceção das adicionadas de molho de maionese e similares###Coliformes Termotolerantes ###UFC/g###102 UFC/g
22###Pratos prontos para o consumo (alimentos prontos de cozinhas, restaurantes e similares)###D###A base de cereais, farinhas, grãos e similares; saladas mistas, temperadas ou não, com ou sem molho, exceção das adicionadas de molho de maionese e similares###Estafilococos coagulase positiva###UFC/g###103 UFC/g
22###Pratos prontos para o consumo (alimentos prontos de cozinhas, restaurantes e similares)###E###A base de verduras, legumes, raízes, tubérculos e similares, cozidos, temperados ou não###Salmonella sp###/25g###Ausência/25g
22###Pratos prontos para o consumo (alimentos prontos de cozinhas, restaurantes e similares)###E###A base de verduras, legumes, raízes, tubérculos e similares, cozidos, temperados ou não###Coliformes Termotolerantes ###UFC/g###102 UFC/g
22###Pratos prontos para o consumo (alimentos prontos de cozinhas, restaurantes e similares)###F###Saladas adicionadas de molho de maionese e similares###Salmonella sp###/25g###Ausência/25g
22###Pratos prontos para o consumo (alimentos prontos de cozinhas, restaurantes e similares)###F###Saladas adicionadas de molho de maionese e similares###Bacillus cereus###UFC/g###103 UFC/g
22###Pratos prontos para o consumo (alimentos prontos de cozinhas, restaurantes e similares)###F###Saladas adicionadas de molho de maionese e similares###Coliformes Termotolerantes ###UFC/g###5x10 UFC/g
22###Pratos prontos para o consumo (alimentos prontos de cozinhas, restaurantes e similares)###F###Saladas adicionadas de molho de maionese e similares###Estafilococos coagulase positiva###UFC/g###103 UFC/g
22###Pratos prontos para o consumo (alimentos prontos de cozinhas, restaurantes e similares)###G####N/D###Salmonella sp###/25g###Ausência/25g
22###Pratos prontos para o consumo (alimentos prontos de cozinhas, restaurantes e similares)###G####N/D###Coliformes Termotolerantes ###UFC/g###102 UFC/g
22###Pratos prontos para o consumo (alimentos prontos de cozinhas, restaurantes e similares)###G####N/D###Estafilococos coagulase positiva###UFC/g###103 UFC/g
22###Pratos prontos para o consumo (alimentos prontos de cozinhas, restaurantes e similares)###H###Doces e sobremesas tipo caseiro, não industrializados, excluídas as frutas frescas não manipuladas###Salmonella sp###/25g###Ausência/25g
22###Pratos prontos para o consumo (alimentos prontos de cozinhas, restaurantes e similares)###H###Doces e sobremesas tipo caseiro, não industrializados, excluídas as frutas frescas não manipuladas###Bacillus cereus (específico para produtos à  base de cereais ou amidos)###UFC/g###103 UFC/g
22###Pratos prontos para o consumo (alimentos prontos de cozinhas, restaurantes e similares)###H###Doces e sobremesas tipo caseiro, não industrializados, excluídas as frutas frescas não manipuladas###Coliformes Termotolerantes ###UFC/g###102 UFC/g
22###Pratos prontos para o consumo (alimentos prontos de cozinhas, restaurantes e similares)###H###Doces e sobremesas tipo caseiro, não industrializados, excluídas as frutas frescas não manipuladas###Estafilococos coagulase positiva###UFC/g###103 UFC/g
22###Pratos prontos para o consumo (alimentos prontos de cozinhas, restaurantes e similares)###I###Pastas preparadas para canapés e sanduíches###Salmonella sp###/25g###Ausência/25g
22###Pratos prontos para o consumo (alimentos prontos de cozinhas, restaurantes e similares)###I###Pastas preparadas para canapés e sanduíches###Bacillus cereus###UFC/g###103 UFC/g
22###Pratos prontos para o consumo (alimentos prontos de cozinhas, restaurantes e similares)###I###Pastas preparadas para canapés e sanduíches###Coliformes Termotolerantes ###UFC/g###102 UFC/g
22###Pratos prontos para o consumo (alimentos prontos de cozinhas, restaurantes e similares)###I###Pastas preparadas para canapés e sanduíches###Estafilococos coagulase positiva###UFC/g###103 UFC/g
22###Pratos prontos para o consumo (alimentos prontos de cozinhas, restaurantes e similares)###I###Pastas preparadas para canapés e sanduíches###Clostridio Sulfito Redutor a 46oC (específico para produtos à  base de carnes)###UFC/g###103 UFC/g
23###Leite de coco e coco ralado###A###Leite de coco desidratado ou não, desengordurado ou não, compactado ou não###Salmonella sp###/25g(mL)###Ausência/25g(mL)
23###Leite de coco e coco ralado###A###Leite de coco desidratado ou não, desengordurado ou não, compactado ou não###Coliformes Termotolerantes ###UFC/g(mL)###102 UFC/g(mL)
23###Leite de coco e coco ralado###A###Leite de coco desidratado ou não, desengordurado ou não, compactado ou não###Estafilococos coagulase positiva###UFC/g(mL)###103 UFC/g(mL)
23###Leite de coco e coco ralado###B###Coco ralado 'in natura'###Salmonella sp###/25g###Ausência/25g
23###Leite de coco e coco ralado###B###Coco ralado 'in natura'###Coliformes Termotolerantes ###UFC/g###5x102 UFC/g
23###Leite de coco e coco ralado###B###Coco ralado 'in natura'###Estafilococos coagulase positiva###UFC/g###103 UFC/g
23###Leite de coco e coco ralado###C###Coco ralado desidratado, laminado, flocado, adoçado ou não, torrado ou não, desengordurado ou não e similares###Salmonella sp###/25g###Ausência/25g
23###Leite de coco e coco ralado###C###Coco ralado desidratado, laminado, flocado, adoçado ou não, torrado ou não, desengordurado ou não e similares###Coliformes Termotolerantes ###UFC/g###102 UFC/g
23###Leite de coco e coco ralado###C###Coco ralado desidratado, laminado, flocado, adoçado ou não, torrado ou não, desengordurado ou não e similares###Estafilococos coagulase positiva###UFC/g###5x102 UFC/g
24###Produtos a base de soja###A###Bebida a base de extrato de soja, aromatizada ou não, desengordurada ou não, refrigerada e similares; extrato desidratado e proteína texturizada de soja, desengordurado ou não e similares###Salmonella sp###/25mL###Ausência/25mL
24###Produtos a base de soja###A###Bebida a base de extrato de soja, aromatizada ou não, desengordurada ou não, refrigerada e similares; extrato desidratado e proteína texturizada de soja, desengordurado ou não e similares###Bacillus cereus###UFC/mL###5x102 UFC/mL
24###Produtos a base de soja###A###Bebida a base de extrato de soja, aromatizada ou não, desengordurada ou não, refrigerada e similares; extrato desidratado e proteína texturizada de soja, desengordurado ou não e similares###Coliformes Termotolerantes ###UFC/mL###10 UFC/mL
24###Produtos a base de soja###B###Tofu e similares, desengordurado ou não###Salmonella sp###/25g###Ausência/25g
24###Produtos a base de soja###B###Tofu e similares, desengordurado ou não###Bacillus cereus###UFC/g###5x103 UFC/g
24###Produtos a base de soja###B###Tofu e similares, desengordurado ou não###Coliformes Termotolerantes ###UFC/g###102 UFC/g
24###Produtos a base de soja###B###Tofu e similares, desengordurado ou não###Estafilococos coagulase positiva###UFC/g###5x103 UFC/g
24###Produtos a base de soja###C###Pasta de soja fermentada (missà´) e similares, desengordurada ou não###Salmonella sp###/25g###Ausência/25g
24###Produtos a base de soja###C###Pasta de soja fermentada (missà´) e similares, desengordurada ou não###Coliformes Termotolerantes ###UFC/g###102 UFC/g
24###Produtos a base de soja###C###Pasta de soja fermentada (missà´) e similares, desengordurada ou não###Estafilococos coagulase positiva###UFC/g###102 UFC/g
25###Alimentos infantis###A###Produtos prontos ou instantâneos que serão consumidos após adição de líquidos, por crianças acima de 1 ano de idade, incluindo os alimentos de transição e de seguimento, exceção dos produtos comercialmente estéreis###Salmonella sp###/25g(mL)###Ausência/25g(mL)
25###Alimentos infantis###A###Produtos prontos ou instantâneos que serão consumidos após adição de líquidos, por crianças acima de 1 ano de idade, incluindo os alimentos de transição e de seguimento, exceção dos produtos comercialmente estéreis###Bacillus cereus###UFC/g(mL)###5x102 UFC/g(mL)
25###Alimentos infantis###A###Produtos prontos ou instantâneos que serão consumidos após adição de líquidos, por crianças acima de 1 ano de idade, incluindo os alimentos de transição e de seguimento, exceção dos produtos comercialmente estéreis###Coliformes Termotolerantes ###UFC/g(mL)###01 UFC/g(mL)
25###Alimentos infantis###A###Produtos prontos ou instantâneos que serão consumidos após adição de líquidos, por crianças acima de 1 ano de idade, incluindo os alimentos de transição e de seguimento, exceção dos produtos comercialmente estéreis###Coliformes a 35ºC###UFC/g(mL)###20 UFC/g(mL)
25###Alimentos infantis###A###Produtos prontos ou instantâneos que serão consumidos após adição de líquidos, por crianças acima de 1 ano de idade, incluindo os alimentos de transição e de seguimento, exceção dos produtos comercialmente estéreis###Estafilococos coagulase positiva###UFC/g(mL)###5x10 UFC/g(mL)
25###Alimentos infantis###B###Produtos prontos ou instantâneos que serão consumidos com ou sem adição de líquidos, por bebês de até 1 ano de idade, a exceção dos prematuros, incluindo as fórmulas infantis, exceto os que receberam tratamento térmico em embalagens herméticas###Salmonella sp###/25g(mL)###Ausência/25g(mL)
25###Alimentos infantis###B###Produtos prontos ou instantâneos que serão consumidos com ou sem adição de líquidos, por bebês de até 1 ano de idade, a exceção dos prematuros, incluindo as fórmulas infantis, exceto os que receberam tratamento térmico em embalagens herméticas###Bacillus cereus###UFC/g(mL)###102 UFC/g(mL)
25###Alimentos infantis###B###Produtos prontos ou instantâneos que serão consumidos com ou sem adição de líquidos, por bebês de até 1 ano de idade, a exceção dos prematuros, incluindo as fórmulas infantis, exceto os que receberam tratamento térmico em embalagens herméticas###Coliformes Termotolerantes ###UFC/g(mL)###Ausência/g(mL)
25###Alimentos infantis###B###Produtos prontos ou instantâneos que serão consumidos com ou sem adição de líquidos, por bebês de até 1 ano de idade, a exceção dos prematuros, incluindo as fórmulas infantis, exceto os que receberam tratamento térmico em embalagens herméticas###Coliformes a 35ºC###UFC/g(mL)###10 UFC/g(mL)
25###Alimentos infantis###B###Produtos prontos ou instantâneos que serão consumidos com ou sem adição de líquidos, por bebês de até 1 ano de idade, a exceção dos prematuros, incluindo as fórmulas infantis, exceto os que receberam tratamento térmico em embalagens herméticas###Estafilococos coagulase positiva###UFC/g(mL)###Ausência/g(mL)
25###Alimentos infantis###C###Fórmulas infantis para prematuros, exceto os que receberam tratamento térmico em embalagens herméticas###Salmonella sp###/25g(mL)###Ausência/25g(mL)
25###Alimentos infantis###C###Fórmulas infantis para prematuros, exceto os que receberam tratamento térmico em embalagens herméticas###Bacillus cereus###UFC/g(mL)###5x10 UFC/g(mL)
25###Alimentos infantis###C###Fórmulas infantis para prematuros, exceto os que receberam tratamento térmico em embalagens herméticas###Coliformes Termotolerantes ###UFC/g(mL)###Ausência/g(mL)
25###Alimentos infantis###C###Fórmulas infantis para prematuros, exceto os que receberam tratamento térmico em embalagens herméticas###Coliformes a 35ºC###UFC/g(mL)###10 UFC/g(mL)
25###Alimentos infantis###C###Fórmulas infantis para prematuros, exceto os que receberam tratamento térmico em embalagens herméticas###Estafilococos coagulase positiva###UFC/g(mL)###Ausência/g(mL)
25###Alimentos infantis###D###Leite materno de bancos de leite###Salmonella sp###/25g(mL)###Ausência/25g(mL)
25###Alimentos infantis###D###Leite materno de bancos de leite###Coliformes a 35ºC###UFC/g(mL)###Ausência/g(mL)
25###Alimentos infantis###D###Leite materno de bancos de leite###Estafilococos coagulase positiva###UFC/g(mL)###Ausência/g(mL)
25###Alimentos infantis###D###Leite materno de bancos de leite###Aeróbios mesófilos viáveis###UFC/g(mL)###102 UFC/g(mL)
25###Alimentos infantis###E###àgua envasada para o preparo de mamadeiras e similares###Coliformes a 35ºC###/100mL###Ausência/100mL
25###Alimentos infantis###E###àgua envasada para o preparo de mamadeiras e similares###Pseudomonas aeruginosa###/100mL###Ausência/100mL
25###Alimentos infantis###E###àgua envasada para o preparo de mamadeiras e similares###Aeróbios mesófilos viáveis###UFC/100mL###5x102 UFC/100mL
26###Alimentos para grupos populacionais específicos, incluindo as dietas enterais e excluindo os ali###A###Alimentos para gestantes e nutrizes, excluídos os que serão consumidos após adição de líquidos, com emprego de calor###Salmonella sp###/25g###Ausência/25g
26###Alimentos para grupos populacionais específicos, incluindo as dietas enterais e excluindo os ali###A###Alimentos para gestantes e nutrizes, excluídos os que serão consumidos após adição de líquidos, com emprego de calor###Bacillus cereus###UFC/g###5x102 UFC/g
26###Alimentos para grupos populacionais específicos, incluindo as dietas enterais e excluindo os ali###A###Alimentos para gestantes e nutrizes, excluídos os que serão consumidos após adição de líquidos, com emprego de calor###Coliformes Termotolerantes###UFC/g###Ausência/g
26###Alimentos para grupos populacionais específicos, incluindo as dietas enterais e excluindo os ali###A###Alimentos para gestantes e nutrizes, excluídos os que serão consumidos após adição de líquidos, com emprego de calor###Estafilococos coagulase positiva###UFC/g###5x10 UFC/g
26###Alimentos para grupos populacionais específicos, incluindo as dietas enterais e excluindo os ali###B###Alimentos para imunosuprimidos e imunocomprometidos, excluídos os que serão consumidos após adição de líquidos, com emprego de calor###Salmonella sp###/25g###Ausência/25g
26###Alimentos para grupos populacionais específicos, incluindo as dietas enterais e excluindo os ali###B###Alimentos para imunosuprimidos e imunocomprometidos, excluídos os que serão consumidos após adição de líquidos, com emprego de calor###Bacillus cereus###UFC/g###5x102 UFC/g
26###Alimentos para grupos populacionais específicos, incluindo as dietas enterais e excluindo os ali###B###Alimentos para imunosuprimidos e imunocomprometidos, excluídos os que serão consumidos após adição de líquidos, com emprego de calor###Coliformes Termotolerantes###UFC/g###Ausência/g
26###Alimentos para grupos populacionais específicos, incluindo as dietas enterais e excluindo os ali###B###Alimentos para imunosuprimidos e imunocomprometidos, excluídos os que serão consumidos após adição de líquidos, com emprego de calor###Estafilococos coagulase positiva###UFC/g###10 UFC/g
26###Alimentos para grupos populacionais específicos, incluindo as dietas enterais e excluindo os ali###B###Alimentos para imunosuprimidos e imunocomprometidos, excluídos os que serão consumidos após adição de líquidos, com emprego de calor###Bolores e Leveduras###UFC/g###5x10 UFC/g
26###Alimentos para grupos populacionais específicos, incluindo as dietas enterais e excluindo os ali###C###Dietas enterais, em pó e módulos de nutrientes em pó para composição de dieta enteral###Salmonella sp###/25g###Ausência/25g
26###Alimentos para grupos populacionais específicos, incluindo as dietas enterais e excluindo os ali###C###Dietas enterais, em pó e módulos de nutrientes em pó para composição de dieta enteral###Coliformes a 35ºC###UFC/g###03 UFC/g
26###Alimentos para grupos populacionais específicos, incluindo as dietas enterais e excluindo os ali###C###Dietas enterais, em pó e módulos de nutrientes em pó para composição de dieta enteral###Estafilococos coagulase positiva###UFC/g###5x10 UFC/g
26###Alimentos para grupos populacionais específicos, incluindo as dietas enterais e excluindo os ali###C###Dietas enterais, em pó e módulos de nutrientes em pó para composição de dieta enteral###Aeróbios mesófilos viáveis###UFC/g###103 UFC/g
26###Alimentos para grupos populacionais específicos, incluindo as dietas enterais e excluindo os ali###D###Dietas enterais líquidas, em embalagens herméticas, estáveis à  temperatura ambiente###Contagem Total de Bactérias Mesófilas### UFC/mL###"Após 10 dias de incubação a 30ºC, de embalagem fechada: sem alteração.
26###Alimentos para grupos populacionais específicos, incluindo as dietas enterais e excluindo os ali###E###àgua envasada para o preparo de alimentos para imunosuprimidos e imunocomprometidos e para dietas enterais###Coliformes a 35ºC###UFC/mL###Ausência/mL
26###Alimentos para grupos populacionais específicos, incluindo as dietas enterais e excluindo os ali###E###àgua envasada para o preparo de alimentos para imunosuprimidos e imunocomprometidos e para dietas enterais###Pseudomonas aeruginosa###UFC/mL###Ausência/mL
26###Alimentos para grupos populacionais específicos, incluindo as dietas enterais e excluindo os ali###E###àgua envasada para o preparo de alimentos para imunosuprimidos e imunocomprometidos e para dietas enterais###Aeróbios mesófilos viáveis###UFC/mL###5x102 UFC/mL
27###Suplementos vitamínicos e minerais e similares, em forma de pó, cápsulas, drágeas e similares###A###Suplementos alimentares (vitaminas, sais minerais, extrato de leveduras e similares, isolados ou em mistura) em pó, cápsulas, drágeas e similares###Salmonella sp###/25g###Ausência/25g
27###Suplementos vitamínicos e minerais e similares, em forma de pó, cápsulas, drágeas e similares###A###Suplementos alimentares (vitaminas, sais minerais, extrato de leveduras e similares, isolados ou em mistura) em pó, cápsulas, drágeas e similares###Bacillus cereus###UFC/g###5x102 UFC/g
27###Suplementos vitamínicos e minerais e similares, em forma de pó, cápsulas, drágeas e similares###A###Suplementos alimentares (vitaminas, sais minerais, extrato de leveduras e similares, isolados ou em mistura) em pó, cápsulas, drágeas e similares###Coliformes Termotolerantes###UFC/g###10 UFC/g
27###Suplementos vitamínicos e minerais e similares, em forma de pó, cápsulas, drágeas e similares###A###Suplementos alimentares (vitaminas, sais minerais, extrato de leveduras e similares, isolados ou em mistura) em pó, cápsulas, drágeas e similares###Estafilococos coagulase positiva###UFC/g###5x102 UFC/g
27###Suplementos vitamínicos e minerais e similares, em forma de pó, cápsulas, drágeas e similares###B###Óleo em cápsula ou outras formas (alho, copaíba, fígado de bacalhau incluindo preparações com geléia real, isolados ou em misturas e similares###Coliformes Termotolerantes###UFC/g###05 UFC/g
27###Suplementos vitamínicos e minerais e similares, em forma de pó, cápsulas, drágeas e similares###C###Outros produtos em pó, cápsulas, drágeas e similares, como gelatina, guaraná, catuaba, marapuama, lecitina e outros, isolados ou em mistura###Salmonella sp###/25g###Ausência/25g
27###Suplementos vitamínicos e minerais e similares, em forma de pó, cápsulas, drágeas e similares###C###Outros produtos em pó, cápsulas, drágeas e similares, como gelatina, guaraná, catuaba, marapuama, lecitina e outros, isolados ou em mistura###Coliformes Termotolerantes###UFC/g###10 UFC/g
27###Suplementos vitamínicos e minerais e similares, em forma de pó, cápsulas, drágeas e similares###C###Outros produtos em pó, cápsulas, drágeas e similares, como gelatina, guaraná, catuaba, marapuama, lecitina e outros, isolados ou em mistura###Estafilococos coagulase positiva###UFC/g###5x102 UFC/g
28###Aditivos intencionais, coadjuvantes de tecnologia e similares###A###Corantes à  base de sangue e derivados###Salmonella sp###/25g(mL)###Ausência/25g(mL)
28###Aditivos intencionais, coadjuvantes de tecnologia e similares###A###Corantes à  base de sangue e derivados###Coliformes Termotolerantes###UFC/g(mL)###10 UFC/g(mL)
28###Aditivos intencionais, coadjuvantes de tecnologia e similares###A###Corantes à  base de sangue e derivados###Estafilococos coagulase positiva###UFC/g(mL)###102 UFC/g(mL)
28###Aditivos intencionais, coadjuvantes de tecnologia e similares###B###Outros aditivos de origem biológica (colchonilha e similares excluindo fermentos biológicos, enzimas, coalhos e similares###Salmonella sp###/25g(mL)###Ausência/25g(mL)
28###Aditivos intencionais, coadjuvantes de tecnologia e similares###B###Outros aditivos de origem biológica (colchonilha e similares excluindo fermentos biológicos, enzimas, coalhos e similares###Coliformes Termotolerantes###UFC/g(mL)###10 UFC/g(mL)
28###Aditivos intencionais, coadjuvantes de tecnologia e similares###D###Fermento biológico em pó para panificação###Salmonella sp###/25g###Ausência/25g
28###Aditivos intencionais, coadjuvantes de tecnologia e similares###D###Fermento biológico em pó para panificação###Coliformes Termotolerantes###UFC/g###5x10 UFC/g
28###Aditivos intencionais, coadjuvantes de tecnologia e similares###E###Outros fermentos biológicos para panificação; fermentos biológicos para produtos lácteos, cárneos e similares###Salmonella sp###/25g###Ausência/25g
28###Aditivos intencionais, coadjuvantes de tecnologia e similares###E###Outros fermentos biológicos para panificação; fermentos biológicos para produtos lácteos, cárneos e similares###Coliformes Termotolerantes###UFC/g###102 UFC/g
28###Aditivos intencionais, coadjuvantes de tecnologia e similares###F###Fermentos químicos; coalho em pó###Aeróbios mesófilos viáveis###UFC/25g###5x102 UFC/g
28###Aditivos intencionais, coadjuvantes de tecnologia e similares###G###Coalho líquido###Salmonella sp###/25mL###Ausência/25mL
28###Aditivos intencionais, coadjuvantes de tecnologia e similares###G###Coalho líquido###Coliformes Termotolerantes###UFC/mL###05 UFC/mL
28###Aditivos intencionais, coadjuvantes de tecnologia e similares###H###Outros produtos à  base de enzimas, não enquadrados em d) e) e g)###Salmonella sp###/25g(mL)###Ausência/25g(mL)
28###Aditivos intencionais, coadjuvantes de tecnologia e similares###H###Outros produtos à  base de enzimas, não enquadrados em d) e) e g)###Coliformes Termotolerantes###UFC/g(mL)###5x10 UFC/g(mL)
28###Aditivos intencionais, coadjuvantes de tecnologia e similares###H###Outros produtos à  base de enzimas, não enquadrados em d) e) e g)###Estafilococos coagulase positiva###UFC/g(mL)###5x102 UFC/g(mL)
28###Aditivos intencionais, coadjuvantes de tecnologia e similares###I###Outros aditivos e coadjuvantes com exceção dos corantes###Salmonella sp###/25g(mL)###Ausência/25g(mL)
28###Aditivos intencionais, coadjuvantes de tecnologia e similares###J###Outros corantes###Salmonella sp###/25g(mL)###Ausência/25g(mL)
28###Aditivos intencionais, coadjuvantes de tecnologia e similares###L###Aditivos e coadjuvantes, dispersos em diluentes ou outros suportes###***** (aditivos e coadjuvantes, dispersos em diluentes ou outros suportes)###*****###Devem cumprir com os padrões estabelecidos para o suporte específico
